-- MySQL dump 10.13  Distrib 8.0.23, for Win64 (x86_64)
--
-- Host: 127.0.0.1    Database: vk
-- ------------------------------------------------------
-- Server version	8.0.23-0ubuntu0.20.04.1

/*!40101 SET @OLD_CHARACTER_SET_CLIENT=@@CHARACTER_SET_CLIENT */;
/*!40101 SET @OLD_CHARACTER_SET_RESULTS=@@CHARACTER_SET_RESULTS */;
/*!40101 SET @OLD_COLLATION_CONNECTION=@@COLLATION_CONNECTION */;
/*!50503 SET NAMES utf8mb4 */;
/*!40103 SET @OLD_TIME_ZONE=@@TIME_ZONE */;
/*!40103 SET TIME_ZONE='+00:00' */;
/*!40014 SET @OLD_UNIQUE_CHECKS=@@UNIQUE_CHECKS, UNIQUE_CHECKS=0 */;
/*!40014 SET @OLD_FOREIGN_KEY_CHECKS=@@FOREIGN_KEY_CHECKS, FOREIGN_KEY_CHECKS=0 */;
/*!40101 SET @OLD_SQL_MODE=@@SQL_MODE, SQL_MODE='NO_AUTO_VALUE_ON_ZERO' */;
/*!40111 SET @OLD_SQL_NOTES=@@SQL_NOTES, SQL_NOTES=0 */;

--
-- Table structure for table `communities`
--

DROP TABLE IF EXISTS `communities`;
/*!40101 SET @saved_cs_client     = @@character_set_client */;
/*!50503 SET character_set_client = utf8mb4 */;
CREATE TABLE `communities` (
  `id` int unsigned NOT NULL AUTO_INCREMENT COMMENT 'Идентификатор сроки',
  `name` varchar(150) CHARACTER SET utf8mb4 COLLATE utf8mb4_unicode_ci NOT NULL COMMENT 'Название группы',
  `created_at` datetime DEFAULT CURRENT_TIMESTAMP COMMENT 'Время создания строки',
  `updated_at` datetime DEFAULT CURRENT_TIMESTAMP ON UPDATE CURRENT_TIMESTAMP COMMENT 'Время обновления строки',
  PRIMARY KEY (`id`),
  UNIQUE KEY `name` (`name`)
) ENGINE=InnoDB AUTO_INCREMENT=101 DEFAULT CHARSET=utf8mb4 COLLATE=utf8mb4_unicode_ci COMMENT='Группы';
/*!40101 SET character_set_client = @saved_cs_client */;

--
-- Dumping data for table `communities`
--

LOCK TABLES `communities` WRITE;
/*!40000 ALTER TABLE `communities` DISABLE KEYS */;
INSERT INTO `communities` VALUES (1,'et','2012-06-29 04:33:23','2015-05-26 02:35:41'),(2,'voluptatem','2014-04-17 23:21:07','2014-02-16 17:41:28'),(3,'quas','2016-10-26 15:23:23','2013-03-21 15:55:51'),(4,'quis','2015-11-26 01:46:39','2013-03-02 08:47:04'),(5,'cum','2020-05-29 10:28:39','2020-01-15 08:49:52'),(6,'odio','2017-07-17 16:15:45','2020-01-08 01:25:46'),(7,'officia','2019-04-17 16:51:36','2012-12-24 19:26:45'),(8,'nesciunt','2015-02-18 09:58:13','2014-04-29 18:35:11'),(9,'omnis','2018-09-02 15:03:35','2017-12-14 10:02:03'),(10,'aut','2015-06-27 02:12:41','2017-11-07 21:15:31'),(11,'nulla','2018-11-15 20:36:11','2016-10-21 15:18:04'),(12,'eos','2014-11-14 14:46:18','2021-01-10 20:13:15'),(13,'nihil','2018-11-23 01:17:28','2018-02-25 22:21:29'),(14,'porro','2018-11-10 22:42:17','2013-09-09 15:48:06'),(15,'debitis','2016-08-28 16:09:37','2015-04-14 18:27:38'),(16,'illo','2019-10-01 22:51:21','2011-10-22 21:54:17'),(17,'autem','2020-02-13 02:46:20','2019-02-15 09:06:24'),(18,'corrupti','2013-11-10 12:56:20','2014-11-20 09:59:14'),(19,'rem','2012-12-19 07:59:24','2020-10-07 16:04:06'),(20,'repudiandae','2012-08-17 11:47:17','2015-04-22 11:13:43');
/*!40000 ALTER TABLE `communities` ENABLE KEYS */;
UNLOCK TABLES;

--
-- Table structure for table `communities_users`
--

DROP TABLE IF EXISTS `communities_users`;
/*!40101 SET @saved_cs_client     = @@character_set_client */;
/*!50503 SET character_set_client = utf8mb4 */;
CREATE TABLE `communities_users` (
  `community_id` int unsigned NOT NULL COMMENT 'Ссылка на группу',
  `user_id` int unsigned NOT NULL COMMENT 'Ссылка на пользователя',
  `created_at` datetime DEFAULT CURRENT_TIMESTAMP COMMENT 'Время создания строки',
  PRIMARY KEY (`community_id`,`user_id`) COMMENT 'Составной первичный ключ',
  KEY `communities_users_user_id_fk` (`user_id`),
  CONSTRAINT `communities_users_community_id_fk` FOREIGN KEY (`community_id`) REFERENCES `communities` (`id`),
  CONSTRAINT `communities_users_user_id_fk` FOREIGN KEY (`user_id`) REFERENCES `users` (`id`)
) ENGINE=InnoDB DEFAULT CHARSET=utf8mb4 COLLATE=utf8mb4_unicode_ci COMMENT='Участники групп, связь между пользователями и группами';
/*!40101 SET character_set_client = @saved_cs_client */;

--
-- Dumping data for table `communities_users`
--

LOCK TABLES `communities_users` WRITE;
/*!40000 ALTER TABLE `communities_users` DISABLE KEYS */;
INSERT INTO `communities_users` VALUES (1,13,'1996-08-25 08:37:09'),(1,17,'2014-11-26 12:36:29'),(1,83,'1973-08-03 00:14:07'),(1,99,'1989-01-22 06:35:31'),(2,11,'2007-07-14 21:16:13'),(2,39,'1971-10-18 17:27:44'),(2,41,'1995-02-15 12:53:15'),(2,51,'2006-02-20 13:27:01'),(2,74,'1977-08-08 23:49:31'),(2,82,'2017-04-08 23:51:46'),(2,97,'2009-07-19 21:13:07'),(3,5,'1997-07-05 14:39:43'),(3,33,'1983-11-26 09:05:10'),(3,55,'2003-02-10 16:37:28'),(3,56,'1998-10-08 01:48:00'),(3,72,'1990-03-13 05:09:02'),(3,81,'2014-08-02 21:53:23'),(4,22,'1998-10-21 04:07:46'),(4,47,'1971-12-02 21:51:07'),(4,65,'1999-06-18 02:42:50'),(4,79,'1992-08-04 19:11:25'),(4,87,'2017-12-10 03:56:38'),(5,4,'1980-12-12 03:58:39'),(5,30,'1973-05-13 20:25:03'),(5,57,'2007-11-19 22:33:21'),(5,61,'1999-05-11 23:36:17'),(5,95,'1990-05-12 09:58:49'),(6,7,'2004-09-07 05:46:25'),(6,45,'1997-05-03 18:05:31'),(6,68,'1980-11-19 00:54:35'),(7,42,'1994-12-27 06:37:30'),(7,44,'2011-08-26 12:02:50'),(7,67,'1981-06-18 15:00:35'),(8,9,'1990-03-30 14:05:17'),(8,20,'2020-08-09 07:48:15'),(8,59,'1987-10-23 10:33:13'),(8,75,'1997-06-22 20:23:48'),(9,2,'1999-01-17 18:40:19'),(9,34,'1984-01-29 01:50:49'),(9,46,'1974-05-24 04:44:16'),(9,69,'1995-12-01 02:41:10'),(9,70,'1999-05-04 20:40:01'),(9,86,'2020-07-02 04:04:37'),(9,92,'2011-07-11 06:37:58'),(9,98,'2012-10-16 21:22:34'),(10,21,'1983-10-11 06:16:58'),(10,23,'1974-07-08 09:58:14'),(10,31,'1983-11-06 02:21:37'),(10,43,'1971-10-29 01:46:13'),(10,60,'1994-12-21 10:10:58'),(10,91,'1991-12-21 17:58:18'),(11,16,'2007-10-28 16:46:44'),(11,80,'2003-01-05 19:56:45'),(12,14,'1977-11-01 10:12:46'),(12,18,'2019-07-15 06:58:55'),(12,29,'1972-07-04 22:59:34'),(12,38,'2005-03-14 10:05:49'),(12,50,'1998-06-28 04:26:00'),(12,52,'1987-01-25 10:38:54'),(13,8,'2020-08-23 09:41:09'),(13,40,'1988-06-14 04:45:20'),(13,76,'2003-04-05 03:25:46'),(14,3,'2012-01-14 19:28:24'),(14,36,'1991-01-18 22:41:29'),(14,48,'1993-05-16 01:43:53'),(14,62,'2006-12-09 21:19:08'),(14,64,'1971-12-28 07:47:30'),(14,71,'1972-04-11 11:33:22'),(14,88,'1993-07-25 11:46:19'),(15,32,'2013-09-26 08:24:07'),(15,53,'2016-04-04 17:17:51'),(15,63,'1994-02-08 05:17:52'),(15,73,'1993-02-15 05:02:45'),(15,94,'1983-06-04 06:09:32'),(16,1,'1998-02-21 16:42:29'),(16,35,'1999-12-27 16:40:55'),(16,66,'1973-07-12 09:39:12'),(16,78,'2016-02-25 23:28:34'),(16,84,'1998-06-02 10:40:49'),(16,89,'2020-06-02 20:15:16'),(16,100,'1982-07-02 08:59:16'),(17,10,'1988-05-29 13:28:27'),(17,12,'1993-12-05 15:14:00'),(17,19,'1985-01-04 16:31:10'),(17,58,'2015-06-13 14:46:03'),(17,93,'1972-01-18 08:16:09'),(18,15,'2004-07-18 06:50:34'),(18,24,'2018-10-22 10:45:02'),(18,28,'1995-09-01 02:49:34'),(18,54,'1975-06-03 13:10:44'),(19,6,'2000-07-25 08:19:09'),(19,25,'1978-10-14 12:13:16'),(19,26,'2005-11-19 23:23:45'),(19,27,'1987-07-12 20:41:44'),(19,37,'2015-06-29 20:23:39'),(19,49,'2001-07-09 02:32:15'),(19,77,'1998-09-28 00:57:45'),(20,85,'2015-07-27 19:41:33'),(20,90,'1990-10-11 06:15:30'),(20,96,'1983-08-29 17:59:03');
/*!40000 ALTER TABLE `communities_users` ENABLE KEYS */;
UNLOCK TABLES;

--
-- Table structure for table `friendship`
--

DROP TABLE IF EXISTS `friendship`;
/*!40101 SET @saved_cs_client     = @@character_set_client */;
/*!50503 SET character_set_client = utf8mb4 */;
CREATE TABLE `friendship` (
  `user_id` int unsigned NOT NULL COMMENT 'Ссылка на инициатора дружеских отношений',
  `friend_id` int unsigned NOT NULL COMMENT 'Ссылка на получателя приглашения дружить',
  `friendship_status_id` int unsigned NOT NULL COMMENT 'Ссылка на статус (текущее состояние) отношений',
  `requested_at` datetime DEFAULT CURRENT_TIMESTAMP COMMENT 'Время отправления приглашения дружить',
  `confirmed_at` datetime DEFAULT NULL COMMENT 'Время подтверждения приглашения',
  `created_at` datetime DEFAULT CURRENT_TIMESTAMP COMMENT 'Время создания строки',
  `updated_at` datetime DEFAULT CURRENT_TIMESTAMP ON UPDATE CURRENT_TIMESTAMP COMMENT 'Время обновления строки',
  PRIMARY KEY (`user_id`,`friend_id`) COMMENT 'Составной первичный ключ',
  KEY `friendship_friendship_status_id_fk` (`friendship_status_id`),
  KEY `frienship_friend_id_fk` (`friend_id`),
  CONSTRAINT `friendship_friendship_status_id_fk` FOREIGN KEY (`friendship_status_id`) REFERENCES `friendship_statuses` (`id`),
  CONSTRAINT `frienship_friend_id_fk` FOREIGN KEY (`friend_id`) REFERENCES `users` (`id`),
  CONSTRAINT `frienship_user_id_fk` FOREIGN KEY (`user_id`) REFERENCES `users` (`id`)
) ENGINE=InnoDB DEFAULT CHARSET=utf8mb4 COLLATE=utf8mb4_unicode_ci COMMENT='Таблица дружбы';
/*!40101 SET character_set_client = @saved_cs_client */;

--
-- Dumping data for table `friendship`
--

LOCK TABLES `friendship` WRITE;
/*!40000 ALTER TABLE `friendship` DISABLE KEYS */;
INSERT INTO `friendship` VALUES (1,6,1,'2018-08-23 10:54:32','2020-10-16 19:55:43','2012-07-04 09:56:53','2021-02-22 08:50:36'),(1,34,1,'2015-10-12 20:37:28','2016-01-16 02:47:43','2018-03-01 15:38:04','2021-02-22 08:50:36'),(1,80,1,'2013-06-01 06:46:51','2014-04-14 02:31:30','2018-05-04 00:32:52','2021-02-22 08:50:36'),(2,64,3,'2020-05-29 01:30:54','2016-09-10 15:16:11','2011-12-02 16:23:42','2021-02-22 08:50:36'),(2,79,2,'2014-12-05 21:35:02','2013-04-06 07:11:01','2013-05-03 06:49:28','2021-02-22 08:50:36'),(2,92,1,'2013-03-15 18:15:06','2012-10-24 23:02:34','2019-12-25 02:51:05','2021-02-22 08:50:36'),(8,69,2,'2015-03-26 22:24:21','2016-09-21 23:41:02','2011-12-25 23:27:02','2021-02-22 08:50:36'),(9,31,1,'2015-04-09 02:11:12','2019-03-13 11:45:57','2015-03-09 15:05:13','2021-02-22 08:49:22'),(9,83,3,'2012-03-17 13:07:57','2020-12-06 01:10:18','2015-08-20 02:31:27','2021-02-22 08:50:36'),(13,8,3,'2018-01-14 12:41:30','2011-11-29 03:47:03','2017-08-04 02:44:33','2021-02-22 08:50:36'),(14,43,2,'2015-02-12 18:13:57','2019-01-25 01:07:55','2017-02-06 22:49:39','2021-02-22 08:50:36'),(15,10,2,'2015-05-28 23:44:03','2013-08-20 16:46:18','2014-12-03 01:48:16','2021-02-22 08:50:36'),(15,35,2,'2013-10-30 11:19:18','2012-07-04 19:50:43','2011-07-19 04:56:47','2021-02-22 08:49:22'),(15,81,3,'2017-05-16 17:12:35','2019-12-30 03:51:56','2014-07-12 04:02:09','2021-02-22 08:50:36'),(15,85,1,'2014-06-01 23:21:56','2018-02-09 04:40:52','2012-09-03 06:13:30','2021-02-22 08:49:22'),(18,65,2,'2020-09-29 19:19:10','2020-08-27 12:15:12','2011-03-18 18:16:57','2021-02-22 08:49:22'),(21,66,2,'2014-12-14 07:37:11','2013-06-16 10:06:19','2012-05-06 10:05:14','2021-02-22 08:50:36'),(22,28,1,'2014-03-09 11:23:22','2014-03-15 20:13:10','2013-01-07 01:55:04','2021-02-22 08:50:36'),(22,100,2,'2011-05-31 09:50:17','2013-02-02 20:31:18','2016-04-14 06:25:09','2021-02-22 08:50:36'),(25,4,2,'2020-07-23 20:41:46','2013-05-04 08:35:16','2017-08-20 12:23:42','2021-02-22 08:50:36'),(25,67,3,'2013-11-16 22:48:12','2018-02-06 14:28:40','2019-11-15 05:47:58','2021-02-22 08:50:36'),(26,41,3,'2011-09-25 18:06:43','2013-03-09 08:24:39','2015-01-02 21:11:33','2021-02-22 08:50:36'),(27,31,1,'2011-12-28 06:20:03','2016-07-04 18:08:53','2017-04-20 01:06:22','2021-02-22 08:50:36'),(27,38,1,'2017-05-29 18:17:43','2020-11-14 16:57:54','2018-03-28 05:47:39','2021-02-22 08:50:36'),(27,61,2,'2014-11-01 05:35:08','2012-09-19 04:10:12','2013-06-27 15:58:29','2021-02-22 08:50:36'),(29,51,1,'2016-08-02 20:34:04','2016-01-07 10:19:23','2020-05-27 02:52:29','2021-02-22 08:50:36'),(31,22,1,'2016-07-18 10:23:23','2014-05-23 10:58:22','2017-05-12 07:01:35','2021-02-22 08:50:36'),(32,16,3,'2019-10-12 10:57:32','2017-08-17 06:10:14','2013-11-26 18:27:38','2021-02-22 08:50:36'),(33,12,2,'2018-06-21 23:43:29','2014-07-05 16:34:35','2018-08-17 00:32:48','2021-02-22 08:49:22'),(34,51,1,'2020-07-05 00:54:43','2012-07-24 14:37:39','2014-03-16 01:13:48','2021-02-22 08:49:22'),(37,81,2,'2018-03-25 00:06:14','2020-11-11 16:53:33','2013-06-10 19:59:29','2021-02-22 08:50:36'),(37,92,1,'2014-12-29 09:41:12','2014-04-19 10:07:23','2015-08-23 23:44:33','2021-02-22 08:50:36'),(41,14,1,'2017-10-20 03:43:01','2017-10-14 03:50:06','2012-06-09 17:20:05','2021-02-22 08:50:36'),(41,51,1,'2019-11-17 18:12:08','2011-07-19 20:00:26','2021-02-08 12:53:19','2021-02-22 08:49:22'),(41,84,3,'2013-02-10 14:14:09','2020-01-06 12:17:34','2011-10-15 18:12:55','2021-02-22 08:50:36'),(45,52,3,'2018-05-03 17:35:56','2014-12-27 15:00:11','2014-08-30 00:04:07','2021-02-22 08:50:36'),(46,14,3,'2014-02-16 16:55:56','2012-06-20 11:29:01','2011-12-15 10:40:00','2021-02-22 08:50:36'),(46,47,3,'2011-10-15 21:25:37','2012-07-18 11:41:27','2018-07-17 15:13:28','2021-02-22 08:50:36'),(46,89,2,'2016-12-16 18:48:32','2016-08-29 16:34:05','2020-03-24 14:26:00','2021-02-22 08:50:36'),(48,4,2,'2012-07-06 23:35:05','2011-07-20 00:15:29','2018-10-21 04:23:43','2021-02-22 08:49:22'),(48,65,1,'2011-07-13 05:16:48','2015-06-11 04:07:05','2017-10-10 10:12:06','2021-02-22 08:49:22'),(49,47,2,'2013-06-16 14:49:47','2011-11-05 16:31:14','2014-02-26 00:57:46','2021-02-22 08:50:36'),(52,5,2,'2020-03-19 22:58:35','2015-03-24 13:58:16','2013-08-19 05:59:27','2021-02-22 08:49:22'),(52,63,1,'2015-04-22 03:01:10','2017-07-15 10:17:00','2015-06-21 17:57:31','2021-02-22 08:50:36'),(52,88,1,'2015-05-18 11:59:34','2012-02-08 10:45:53','2015-05-04 20:36:07','2021-02-22 08:50:36'),(53,40,1,'2011-08-08 16:01:49','2019-06-06 15:09:34','2013-11-26 13:45:04','2021-02-22 08:50:36'),(55,46,2,'2015-11-16 04:18:48','2014-12-19 07:14:52','2014-08-02 02:11:44','2021-02-22 08:50:36'),(55,89,1,'2019-01-25 03:57:14','2014-05-13 09:11:27','2020-04-28 04:34:41','2021-02-22 08:50:36'),(57,8,1,'2018-07-15 00:36:35','2018-02-10 23:33:52','2014-06-28 00:57:25','2021-02-22 08:50:36'),(58,24,1,'2019-12-17 02:22:47','2012-12-11 11:21:01','2015-04-28 20:01:55','2021-02-22 08:50:36'),(58,63,3,'2011-06-06 22:32:51','2015-11-29 03:52:19','2011-12-27 14:45:33','2021-02-22 08:50:36'),(60,56,3,'2011-10-21 04:13:24','2011-11-18 19:07:52','2018-02-24 23:52:25','2021-02-22 08:49:22'),(61,66,1,'2018-07-12 23:08:18','2019-11-05 13:49:26','2020-06-17 03:35:02','2021-02-22 08:50:36'),(62,8,2,'2012-08-17 04:59:40','2018-12-20 17:41:03','2019-08-07 18:14:49','2021-02-22 08:49:22'),(62,55,2,'2017-06-22 06:13:46','2016-11-11 23:20:00','2015-02-19 16:28:22','2021-02-22 08:50:36'),(62,81,2,'2016-07-12 11:57:38','2019-03-09 08:17:33','2012-04-07 03:29:54','2021-02-22 08:50:36'),(64,28,2,'2016-11-21 23:46:55','2014-11-30 14:51:44','2017-09-28 15:19:33','2021-02-22 08:50:36'),(65,73,1,'2011-02-24 07:32:08','2013-10-19 23:11:53','2018-07-22 01:33:39','2021-02-22 08:49:22'),(66,6,1,'2018-07-17 08:29:26','2016-05-30 20:34:50','2014-02-05 17:42:07','2021-02-22 08:50:36'),(66,34,2,'2014-01-30 13:31:08','2017-10-18 07:07:47','2013-01-02 13:50:27','2021-02-22 08:50:36'),(66,65,1,'2016-11-24 12:26:37','2015-12-07 20:16:08','2013-05-12 04:06:36','2021-02-22 08:50:36'),(66,79,2,'2019-06-29 18:33:39','2012-06-09 04:26:42','2011-11-15 05:23:14','2021-02-22 08:50:36'),(67,97,3,'2011-08-11 16:40:38','2018-08-28 09:40:58','2013-02-23 17:41:43','2021-02-22 08:50:36'),(69,40,2,'2013-05-06 15:02:48','2020-08-24 18:55:47','2020-10-01 18:41:54','2021-02-22 08:50:36'),(69,41,1,'2018-09-02 22:57:07','2020-11-11 02:03:32','2011-06-03 17:03:18','2021-02-22 08:50:36'),(70,22,2,'2019-01-29 09:58:27','2016-03-01 06:28:54','2011-04-05 21:32:35','2021-02-22 08:50:36'),(70,36,3,'2018-12-19 03:21:19','2019-10-15 08:54:47','2012-08-12 03:57:56','2021-02-22 08:50:36'),(70,40,2,'2016-07-22 04:13:13','2020-10-10 15:19:43','2018-01-24 12:24:37','2021-02-22 08:50:36'),(70,55,3,'2020-01-08 14:14:48','2015-12-17 15:16:21','2016-03-03 17:12:53','2021-02-22 08:49:22'),(71,33,3,'2019-04-11 15:11:16','2019-07-20 01:04:25','2018-02-22 05:29:33','2021-02-22 08:50:36'),(71,40,3,'2013-06-16 04:50:23','2011-06-02 16:00:15','2012-12-16 23:18:22','2021-02-22 08:49:22'),(71,51,3,'2016-10-01 06:20:58','2016-12-17 19:55:25','2020-09-14 05:41:48','2021-02-22 08:50:36'),(73,38,2,'2011-03-07 08:50:19','2011-11-09 20:52:34','2017-07-20 13:44:23','2021-02-22 08:50:36'),(74,56,3,'2014-08-08 04:52:06','2016-05-14 00:40:01','2014-04-29 19:00:40','2021-02-22 08:49:22'),(74,75,2,'2016-03-30 18:05:01','2018-12-28 04:41:35','2018-05-31 17:58:12','2021-02-22 08:50:36'),(74,76,2,'2017-10-05 22:07:39','2020-10-24 23:39:23','2011-09-25 16:17:39','2021-02-22 08:50:36'),(74,86,3,'2013-04-22 05:10:53','2019-08-27 13:10:54','2019-09-24 10:05:44','2021-02-22 08:49:22'),(77,19,3,'2015-01-19 15:39:02','2017-02-15 11:34:23','2012-06-29 14:16:43','2021-02-22 08:50:36'),(79,2,3,'2018-08-18 15:33:59','2011-04-24 21:44:18','2016-05-03 12:28:58','2021-02-22 08:50:36'),(80,43,1,'2011-06-15 20:19:41','2014-06-01 16:26:10','2018-06-29 19:21:29','2021-02-22 08:50:36'),(81,13,1,'2017-03-24 09:14:43','2011-09-29 04:07:10','2015-06-05 23:23:24','2021-02-22 08:50:36'),(83,53,1,'2020-01-03 10:03:55','2019-05-14 12:27:03','2016-02-27 03:29:10','2021-02-22 08:50:36'),(83,97,2,'2011-11-13 17:52:06','2015-04-08 00:04:39','2017-07-21 09:05:44','2021-02-22 08:50:36'),(85,74,1,'2014-09-18 02:44:17','2011-08-21 14:19:14','2019-12-12 14:55:14','2021-02-22 08:49:22'),(85,84,3,'2017-12-30 11:29:28','2019-03-13 13:19:09','2020-04-11 13:32:46','2021-02-22 08:50:36'),(85,96,3,'2017-05-16 01:21:48','2015-07-16 00:33:21','2013-03-02 21:31:52','2021-02-22 08:50:36'),(87,33,1,'2011-07-13 23:55:39','2012-01-22 15:59:28','2011-09-04 16:56:38','2021-02-22 08:50:36'),(88,76,3,'2016-09-22 11:13:12','2013-04-20 10:36:31','2017-06-21 11:36:15','2021-02-22 08:50:36'),(89,24,3,'2014-11-17 20:10:24','2017-07-05 23:32:12','2020-09-25 06:04:16','2021-02-22 08:50:36'),(89,97,3,'2020-03-24 22:19:30','2016-09-15 01:23:01','2015-10-28 14:34:57','2021-02-22 08:50:36'),(91,15,1,'2015-10-02 19:24:10','2016-10-19 16:26:40','2019-12-06 17:32:10','2021-02-22 08:50:36'),(93,31,2,'2016-05-04 16:59:55','2018-03-29 13:17:24','2013-10-11 21:47:54','2021-02-22 08:50:36'),(93,46,1,'2013-02-12 12:16:57','2017-05-18 00:08:18','2019-06-28 10:07:41','2021-02-22 08:49:22'),(95,35,3,'2017-08-16 19:57:28','2020-01-08 22:11:30','2015-11-06 15:55:12','2021-02-22 08:49:22'),(96,10,1,'2013-04-23 03:23:25','2016-08-30 19:17:50','2019-08-19 13:29:41','2021-02-22 08:50:36'),(96,57,2,'2016-02-20 18:41:56','2016-03-03 18:12:32','2017-12-08 17:28:02','2021-02-22 08:50:36'),(97,31,2,'2013-11-29 19:13:43','2014-03-10 04:04:52','2017-11-12 10:58:21','2021-02-22 08:50:36'),(97,38,3,'2019-07-30 21:46:54','2019-01-15 09:02:19','2013-02-08 05:06:15','2021-02-22 08:50:36'),(97,45,3,'2015-10-28 22:31:28','2013-07-29 01:31:00','2015-08-03 06:00:20','2021-02-22 08:50:36'),(98,24,3,'2015-02-21 21:46:04','2018-12-10 23:48:49','2011-12-27 02:23:03','2021-02-22 08:50:36');
/*!40000 ALTER TABLE `friendship` ENABLE KEYS */;
UNLOCK TABLES;

--
-- Table structure for table `friendship_statuses`
--

DROP TABLE IF EXISTS `friendship_statuses`;
/*!40101 SET @saved_cs_client     = @@character_set_client */;
/*!50503 SET character_set_client = utf8mb4 */;
CREATE TABLE `friendship_statuses` (
  `id` int unsigned NOT NULL AUTO_INCREMENT COMMENT 'Идентификатор строки',
  `name` varchar(150) CHARACTER SET utf8mb4 COLLATE utf8mb4_unicode_ci NOT NULL COMMENT 'Название статуса',
  `created_at` datetime DEFAULT CURRENT_TIMESTAMP COMMENT 'Время создания строки',
  `updated_at` datetime DEFAULT CURRENT_TIMESTAMP ON UPDATE CURRENT_TIMESTAMP COMMENT 'Время обновления строки',
  PRIMARY KEY (`id`),
  UNIQUE KEY `name` (`name`)
) ENGINE=InnoDB AUTO_INCREMENT=4 DEFAULT CHARSET=utf8mb4 COLLATE=utf8mb4_unicode_ci COMMENT='Статусы дружбы';
/*!40101 SET character_set_client = @saved_cs_client */;

--
-- Dumping data for table `friendship_statuses`
--

LOCK TABLES `friendship_statuses` WRITE;
/*!40000 ALTER TABLE `friendship_statuses` DISABLE KEYS */;
INSERT INTO `friendship_statuses` VALUES (1,'Requested','2021-02-22 08:50:31','2021-02-22 08:50:31'),(2,'Confirmed','2021-02-22 08:50:31','2021-02-22 08:50:31'),(3,'Rejected','2021-02-22 08:50:31','2021-02-22 08:50:31');
/*!40000 ALTER TABLE `friendship_statuses` ENABLE KEYS */;
UNLOCK TABLES;

--
-- Table structure for table `likes`
--

DROP TABLE IF EXISTS `likes`;
/*!40101 SET @saved_cs_client     = @@character_set_client */;
/*!50503 SET character_set_client = utf8mb4 */;
CREATE TABLE `likes` (
  `id` int unsigned NOT NULL AUTO_INCREMENT,
  `user_id` int unsigned NOT NULL,
  `target_id` int unsigned NOT NULL,
  `target_type_id` int unsigned NOT NULL,
  `created_at` datetime DEFAULT CURRENT_TIMESTAMP,
  PRIMARY KEY (`id`),
  KEY `likes_user_id_fk` (`user_id`),
  KEY `likes_target_id_fk` (`target_id`),
  CONSTRAINT `likes_target_id_fk` FOREIGN KEY (`target_id`) REFERENCES `media` (`id`),
  CONSTRAINT `likes_user_id_fk` FOREIGN KEY (`user_id`) REFERENCES `users` (`id`)
) ENGINE=InnoDB AUTO_INCREMENT=1001 DEFAULT CHARSET=utf8mb4 COLLATE=utf8mb4_0900_ai_ci COMMENT='Лайки';
/*!40101 SET character_set_client = @saved_cs_client */;

--
-- Dumping data for table `likes`
--

LOCK TABLES `likes` WRITE;
/*!40000 ALTER TABLE `likes` DISABLE KEYS */;
INSERT INTO `likes` VALUES (1,97,55,4,'2021-03-01 12:36:04'),(2,61,50,3,'2021-03-01 12:36:04'),(3,77,90,1,'2021-03-01 12:36:04'),(4,7,90,2,'2021-03-01 12:36:04'),(5,71,69,2,'2021-03-01 12:36:04'),(6,53,68,4,'2021-03-01 12:36:04'),(7,99,52,3,'2021-03-01 12:36:04'),(8,62,18,1,'2021-03-01 12:36:04'),(9,69,29,2,'2021-03-01 12:36:04'),(10,95,64,2,'2021-03-01 12:36:04'),(11,86,21,2,'2021-03-01 12:36:04'),(12,78,43,4,'2021-03-01 12:36:04'),(13,69,6,1,'2021-03-01 12:36:04'),(14,92,94,4,'2021-03-01 12:36:04'),(15,79,17,2,'2021-03-01 12:36:04'),(16,98,39,4,'2021-03-01 12:36:04'),(17,77,88,1,'2021-03-01 12:36:04'),(18,81,77,2,'2021-03-01 12:36:04'),(19,67,17,4,'2021-03-01 12:36:04'),(20,71,2,4,'2021-03-01 12:36:04'),(21,72,72,2,'2021-03-01 12:36:04'),(22,97,56,4,'2021-03-01 12:36:04'),(23,79,26,4,'2021-03-01 12:36:04'),(24,87,55,1,'2021-03-01 12:36:04'),(25,6,85,1,'2021-03-01 12:36:04'),(26,80,80,3,'2021-03-01 12:36:04'),(27,46,57,2,'2021-03-01 12:36:04'),(28,60,59,1,'2021-03-01 12:36:04'),(29,5,75,3,'2021-03-01 12:36:04'),(30,74,90,2,'2021-03-01 12:36:04'),(31,61,28,3,'2021-03-01 12:36:04'),(32,83,53,1,'2021-03-01 12:36:04'),(33,19,48,4,'2021-03-01 12:36:04'),(34,69,95,3,'2021-03-01 12:36:04'),(35,50,49,4,'2021-03-01 12:36:04'),(36,23,34,4,'2021-03-01 12:36:04'),(37,93,68,3,'2021-03-01 12:36:04'),(38,98,6,2,'2021-03-01 12:36:04'),(39,69,30,2,'2021-03-01 12:36:04'),(40,20,72,1,'2021-03-01 12:36:04'),(41,96,70,3,'2021-03-01 12:36:04'),(42,6,39,4,'2021-03-01 12:36:04'),(43,72,24,1,'2021-03-01 12:36:04'),(44,54,54,1,'2021-03-01 12:36:04'),(45,76,57,3,'2021-03-01 12:36:04'),(46,99,34,3,'2021-03-01 12:36:04'),(47,58,74,4,'2021-03-01 12:36:04'),(48,43,35,2,'2021-03-01 12:36:04'),(49,17,52,1,'2021-03-01 12:36:04'),(50,93,33,4,'2021-03-01 12:36:04'),(51,37,23,1,'2021-03-01 12:36:04'),(52,46,20,3,'2021-03-01 12:36:04'),(53,54,78,2,'2021-03-01 12:36:04'),(54,12,72,1,'2021-03-01 12:36:04'),(55,94,2,2,'2021-03-01 12:36:04'),(56,33,81,1,'2021-03-01 12:36:04'),(57,84,5,3,'2021-03-01 12:36:04'),(58,37,73,3,'2021-03-01 12:36:04'),(59,42,55,2,'2021-03-01 12:36:04'),(60,62,74,4,'2021-03-01 12:36:04'),(61,93,13,4,'2021-03-01 12:36:04'),(62,1,41,1,'2021-03-01 12:36:04'),(63,84,14,1,'2021-03-01 12:36:04'),(64,55,17,1,'2021-03-01 12:36:04'),(65,44,61,3,'2021-03-01 12:36:04'),(66,83,94,1,'2021-03-01 12:36:04'),(67,22,49,3,'2021-03-01 12:36:04'),(68,29,20,1,'2021-03-01 12:36:04'),(69,95,43,2,'2021-03-01 12:36:04'),(70,11,69,1,'2021-03-01 12:36:04'),(71,46,99,3,'2021-03-01 12:36:04'),(72,74,8,1,'2021-03-01 12:36:04'),(73,67,80,4,'2021-03-01 12:36:04'),(74,53,67,4,'2021-03-01 12:36:04'),(75,81,77,2,'2021-03-01 12:36:04'),(76,66,11,3,'2021-03-01 12:36:04'),(77,58,13,4,'2021-03-01 12:36:04'),(78,21,28,4,'2021-03-01 12:36:04'),(79,96,53,3,'2021-03-01 12:36:04'),(80,12,35,2,'2021-03-01 12:36:04'),(81,95,53,4,'2021-03-01 12:36:04'),(82,40,61,4,'2021-03-01 12:36:04'),(83,29,98,1,'2021-03-01 12:36:04'),(84,15,68,4,'2021-03-01 12:36:04'),(85,70,64,1,'2021-03-01 12:36:04'),(86,64,87,2,'2021-03-01 12:36:04'),(87,41,84,4,'2021-03-01 12:36:04'),(88,26,43,2,'2021-03-01 12:36:04'),(89,53,54,1,'2021-03-01 12:36:04'),(90,97,51,3,'2021-03-01 12:36:04'),(91,47,53,2,'2021-03-01 12:36:04'),(92,69,65,1,'2021-03-01 12:36:04'),(93,7,71,2,'2021-03-01 12:36:04'),(94,64,14,4,'2021-03-01 12:36:04'),(95,42,77,3,'2021-03-01 12:36:04'),(96,74,84,4,'2021-03-01 12:36:04'),(97,41,9,1,'2021-03-01 12:36:04'),(98,85,57,2,'2021-03-01 12:36:04'),(99,77,95,2,'2021-03-01 12:36:04'),(100,39,59,4,'2021-03-01 12:36:04'),(101,15,39,2,'2021-03-01 12:36:04'),(102,32,11,3,'2021-03-01 12:36:04'),(103,60,22,2,'2021-03-01 12:36:04'),(104,85,33,1,'2021-03-01 12:36:04'),(105,50,18,2,'2021-03-01 12:36:04'),(106,52,34,1,'2021-03-01 12:36:04'),(107,76,34,2,'2021-03-01 12:36:04'),(108,95,58,1,'2021-03-01 12:36:04'),(109,33,61,1,'2021-03-01 12:36:04'),(110,36,67,2,'2021-03-01 12:36:04'),(111,33,84,1,'2021-03-01 12:36:04'),(112,47,75,2,'2021-03-01 12:36:04'),(113,51,46,4,'2021-03-01 12:36:04'),(114,47,2,3,'2021-03-01 12:36:04'),(115,44,9,1,'2021-03-01 12:36:04'),(116,29,12,3,'2021-03-01 12:36:04'),(117,19,82,3,'2021-03-01 12:36:04'),(118,20,37,2,'2021-03-01 12:36:04'),(119,23,33,4,'2021-03-01 12:36:04'),(120,77,97,3,'2021-03-01 12:36:04'),(121,84,55,1,'2021-03-01 12:36:04'),(122,49,77,2,'2021-03-01 12:36:04'),(123,42,6,1,'2021-03-01 12:36:04'),(124,91,48,3,'2021-03-01 12:36:04'),(125,86,32,4,'2021-03-01 12:36:04'),(126,4,18,4,'2021-03-01 12:36:04'),(127,48,96,2,'2021-03-01 12:36:04'),(128,90,42,2,'2021-03-01 12:36:04'),(129,67,21,1,'2021-03-01 12:36:04'),(130,46,23,4,'2021-03-01 12:36:04'),(131,16,47,4,'2021-03-01 12:36:04'),(132,100,34,3,'2021-03-01 12:36:04'),(133,46,18,3,'2021-03-01 12:36:04'),(134,19,31,4,'2021-03-01 12:36:04'),(135,83,31,1,'2021-03-01 12:36:04'),(136,31,39,1,'2021-03-01 12:36:04'),(137,94,64,2,'2021-03-01 12:36:04'),(138,83,10,1,'2021-03-01 12:36:04'),(139,77,81,3,'2021-03-01 12:36:04'),(140,15,60,3,'2021-03-01 12:36:04'),(141,90,88,3,'2021-03-01 12:36:04'),(142,89,34,4,'2021-03-01 12:36:04'),(143,95,75,4,'2021-03-01 12:36:04'),(144,24,51,4,'2021-03-01 12:36:04'),(145,62,61,1,'2021-03-01 12:36:04'),(146,1,54,3,'2021-03-01 12:36:04'),(147,79,89,1,'2021-03-01 12:36:04'),(148,69,24,1,'2021-03-01 12:36:04'),(149,81,75,2,'2021-03-01 12:36:04'),(150,21,15,1,'2021-03-01 12:36:04'),(151,25,82,2,'2021-03-01 12:36:04'),(152,17,87,4,'2021-03-01 12:36:04'),(153,54,20,2,'2021-03-01 12:36:04'),(154,32,43,1,'2021-03-01 12:36:04'),(155,74,8,1,'2021-03-01 12:36:04'),(156,60,51,3,'2021-03-01 12:36:04'),(157,6,14,2,'2021-03-01 12:36:04'),(158,7,87,1,'2021-03-01 12:36:04'),(159,11,8,1,'2021-03-01 12:36:04'),(160,21,76,1,'2021-03-01 12:36:04'),(161,64,61,1,'2021-03-01 12:36:04'),(162,93,19,1,'2021-03-01 12:36:04'),(163,13,24,4,'2021-03-01 12:36:04'),(164,17,53,1,'2021-03-01 12:36:04'),(165,6,88,1,'2021-03-01 12:36:04'),(166,54,97,1,'2021-03-01 12:36:04'),(167,22,40,2,'2021-03-01 12:36:04'),(168,56,74,1,'2021-03-01 12:36:04'),(169,90,42,2,'2021-03-01 12:36:04'),(170,72,38,3,'2021-03-01 12:36:04'),(171,62,84,2,'2021-03-01 12:36:04'),(172,11,57,2,'2021-03-01 12:36:04'),(173,81,55,2,'2021-03-01 12:36:04'),(174,85,33,1,'2021-03-01 12:36:04'),(175,47,8,4,'2021-03-01 12:36:04'),(176,62,19,1,'2021-03-01 12:36:04'),(177,74,50,2,'2021-03-01 12:36:04'),(178,96,92,3,'2021-03-01 12:36:04'),(179,80,85,4,'2021-03-01 12:36:04'),(180,60,52,4,'2021-03-01 12:36:04'),(181,31,21,1,'2021-03-01 12:36:04'),(182,99,55,4,'2021-03-01 12:36:04'),(183,30,13,3,'2021-03-01 12:36:04'),(184,23,97,1,'2021-03-01 12:36:04'),(185,79,55,2,'2021-03-01 12:36:04'),(186,18,78,2,'2021-03-01 12:36:04'),(187,46,22,3,'2021-03-01 12:36:04'),(188,84,10,4,'2021-03-01 12:36:04'),(189,52,71,4,'2021-03-01 12:36:04'),(190,75,81,4,'2021-03-01 12:36:04'),(191,61,62,2,'2021-03-01 12:36:04'),(192,53,78,2,'2021-03-01 12:36:04'),(193,32,60,1,'2021-03-01 12:36:04'),(194,34,60,4,'2021-03-01 12:36:04'),(195,13,69,1,'2021-03-01 12:36:04'),(196,22,92,4,'2021-03-01 12:36:04'),(197,97,98,4,'2021-03-01 12:36:04'),(198,100,3,1,'2021-03-01 12:36:04'),(199,69,97,4,'2021-03-01 12:36:04'),(200,2,75,3,'2021-03-01 12:36:04'),(201,6,31,2,'2021-03-01 12:36:04'),(202,80,97,2,'2021-03-01 12:36:04'),(203,23,86,3,'2021-03-01 12:36:04'),(204,44,37,3,'2021-03-01 12:36:04'),(205,52,100,2,'2021-03-01 12:36:04'),(206,22,75,1,'2021-03-01 12:36:04'),(207,23,87,3,'2021-03-01 12:36:04'),(208,51,66,4,'2021-03-01 12:36:04'),(209,93,29,3,'2021-03-01 12:36:04'),(210,50,45,3,'2021-03-01 12:36:04'),(211,32,42,1,'2021-03-01 12:36:04'),(212,30,17,4,'2021-03-01 12:36:04'),(213,19,11,4,'2021-03-01 12:36:04'),(214,55,80,2,'2021-03-01 12:36:04'),(215,32,58,4,'2021-03-01 12:36:04'),(216,84,46,4,'2021-03-01 12:36:04'),(217,51,20,2,'2021-03-01 12:36:04'),(218,65,88,2,'2021-03-01 12:36:04'),(219,72,18,3,'2021-03-01 12:36:04'),(220,11,36,2,'2021-03-01 12:36:04'),(221,28,95,4,'2021-03-01 12:36:04'),(222,73,90,2,'2021-03-01 12:36:04'),(223,71,72,2,'2021-03-01 12:36:04'),(224,4,89,2,'2021-03-01 12:36:04'),(225,96,82,1,'2021-03-01 12:36:04'),(226,48,85,4,'2021-03-01 12:36:04'),(227,42,69,1,'2021-03-01 12:36:04'),(228,98,25,2,'2021-03-01 12:36:04'),(229,77,94,2,'2021-03-01 12:36:04'),(230,100,89,2,'2021-03-01 12:36:04'),(231,69,4,1,'2021-03-01 12:36:04'),(232,35,47,2,'2021-03-01 12:36:04'),(233,7,44,4,'2021-03-01 12:36:04'),(234,62,14,4,'2021-03-01 12:36:04'),(235,75,23,4,'2021-03-01 12:36:04'),(236,77,18,3,'2021-03-01 12:36:04'),(237,28,73,4,'2021-03-01 12:36:04'),(238,67,3,1,'2021-03-01 12:36:04'),(239,53,27,4,'2021-03-01 12:36:04'),(240,4,89,2,'2021-03-01 12:36:04'),(241,98,92,3,'2021-03-01 12:36:04'),(242,33,81,1,'2021-03-01 12:36:04'),(243,88,19,2,'2021-03-01 12:36:04'),(244,5,27,1,'2021-03-01 12:36:04'),(245,11,99,3,'2021-03-01 12:36:04'),(246,3,36,3,'2021-03-01 12:36:04'),(247,46,16,2,'2021-03-01 12:36:04'),(248,58,67,3,'2021-03-01 12:36:04'),(249,96,1,1,'2021-03-01 12:36:04'),(250,75,28,1,'2021-03-01 12:36:04'),(251,82,72,1,'2021-03-01 12:36:04'),(252,42,75,2,'2021-03-01 12:36:04'),(253,16,34,1,'2021-03-01 12:36:04'),(254,6,66,1,'2021-03-01 12:36:04'),(255,45,100,3,'2021-03-01 12:36:04'),(256,16,91,1,'2021-03-01 12:36:04'),(257,64,95,4,'2021-03-01 12:36:04'),(258,36,28,2,'2021-03-01 12:36:04'),(259,68,48,2,'2021-03-01 12:36:04'),(260,26,29,3,'2021-03-01 12:36:04'),(261,42,10,1,'2021-03-01 12:36:04'),(262,88,69,4,'2021-03-01 12:36:04'),(263,98,46,2,'2021-03-01 12:36:04'),(264,38,85,1,'2021-03-01 12:36:04'),(265,83,93,1,'2021-03-01 12:36:04'),(266,3,66,1,'2021-03-01 12:36:04'),(267,100,42,1,'2021-03-01 12:36:04'),(268,12,38,3,'2021-03-01 12:36:04'),(269,40,48,1,'2021-03-01 12:36:04'),(270,44,67,1,'2021-03-01 12:36:04'),(271,16,70,4,'2021-03-01 12:36:04'),(272,83,19,2,'2021-03-01 12:36:04'),(273,74,32,2,'2021-03-01 12:36:04'),(274,83,9,4,'2021-03-01 12:36:04'),(275,38,9,2,'2021-03-01 12:36:04'),(276,30,54,4,'2021-03-01 12:36:04'),(277,36,41,4,'2021-03-01 12:36:04'),(278,53,79,2,'2021-03-01 12:36:04'),(279,40,94,2,'2021-03-01 12:36:04'),(280,52,22,3,'2021-03-01 12:36:04'),(281,88,87,3,'2021-03-01 12:36:04'),(282,1,87,2,'2021-03-01 12:36:04'),(283,89,55,1,'2021-03-01 12:36:04'),(284,71,34,3,'2021-03-01 12:36:04'),(285,81,35,2,'2021-03-01 12:36:04'),(286,52,63,3,'2021-03-01 12:36:04'),(287,8,61,4,'2021-03-01 12:36:04'),(288,22,65,3,'2021-03-01 12:36:04'),(289,3,35,3,'2021-03-01 12:36:04'),(290,32,54,4,'2021-03-01 12:36:04'),(291,20,70,4,'2021-03-01 12:36:04'),(292,28,77,1,'2021-03-01 12:36:04'),(293,77,77,3,'2021-03-01 12:36:04'),(294,41,42,4,'2021-03-01 12:36:04'),(295,7,73,2,'2021-03-01 12:36:04'),(296,98,61,1,'2021-03-01 12:36:04'),(297,60,73,4,'2021-03-01 12:36:04'),(298,100,47,2,'2021-03-01 12:36:04'),(299,35,70,2,'2021-03-01 12:36:04'),(300,10,18,3,'2021-03-01 12:36:04'),(301,38,13,3,'2021-03-01 12:36:04'),(302,26,68,3,'2021-03-01 12:36:04'),(303,16,86,4,'2021-03-01 12:36:04'),(304,45,83,4,'2021-03-01 12:36:04'),(305,39,62,4,'2021-03-01 12:36:04'),(306,83,34,1,'2021-03-01 12:36:04'),(307,98,28,2,'2021-03-01 12:36:04'),(308,38,59,4,'2021-03-01 12:36:04'),(309,9,12,2,'2021-03-01 12:36:04'),(310,24,25,3,'2021-03-01 12:36:04'),(311,85,70,4,'2021-03-01 12:36:04'),(312,50,75,1,'2021-03-01 12:36:04'),(313,95,100,1,'2021-03-01 12:36:04'),(314,82,58,2,'2021-03-01 12:36:04'),(315,55,35,1,'2021-03-01 12:36:04'),(316,46,98,3,'2021-03-01 12:36:04'),(317,61,52,3,'2021-03-01 12:36:04'),(318,16,57,2,'2021-03-01 12:36:04'),(319,19,77,2,'2021-03-01 12:36:04'),(320,19,5,3,'2021-03-01 12:36:04'),(321,23,12,4,'2021-03-01 12:36:04'),(322,5,60,4,'2021-03-01 12:36:04'),(323,51,96,2,'2021-03-01 12:36:04'),(324,41,28,1,'2021-03-01 12:36:04'),(325,94,23,2,'2021-03-01 12:36:04'),(326,89,50,4,'2021-03-01 12:36:04'),(327,68,87,2,'2021-03-01 12:36:04'),(328,87,45,3,'2021-03-01 12:36:04'),(329,80,10,1,'2021-03-01 12:36:04'),(330,14,45,4,'2021-03-01 12:36:04'),(331,66,87,2,'2021-03-01 12:36:04'),(332,37,64,1,'2021-03-01 12:36:04'),(333,50,23,3,'2021-03-01 12:36:04'),(334,62,11,3,'2021-03-01 12:36:04'),(335,1,2,1,'2021-03-01 12:36:04'),(336,39,68,1,'2021-03-01 12:36:04'),(337,95,16,4,'2021-03-01 12:36:04'),(338,17,5,3,'2021-03-01 12:36:04'),(339,60,72,4,'2021-03-01 12:36:04'),(340,79,58,3,'2021-03-01 12:36:04'),(341,89,88,3,'2021-03-01 12:36:04'),(342,96,64,2,'2021-03-01 12:36:04'),(343,54,82,2,'2021-03-01 12:36:04'),(344,93,20,1,'2021-03-01 12:36:04'),(345,44,59,3,'2021-03-01 12:36:04'),(346,24,37,1,'2021-03-01 12:36:04'),(347,60,58,1,'2021-03-01 12:36:04'),(348,74,42,4,'2021-03-01 12:36:04'),(349,100,44,1,'2021-03-01 12:36:04'),(350,58,38,1,'2021-03-01 12:36:04'),(351,50,12,1,'2021-03-01 12:36:04'),(352,14,39,3,'2021-03-01 12:36:04'),(353,47,74,2,'2021-03-01 12:36:04'),(354,33,71,3,'2021-03-01 12:36:04'),(355,53,6,3,'2021-03-01 12:36:04'),(356,29,36,4,'2021-03-01 12:36:04'),(357,50,77,2,'2021-03-01 12:36:04'),(358,34,69,2,'2021-03-01 12:36:04'),(359,7,5,1,'2021-03-01 12:36:04'),(360,99,85,2,'2021-03-01 12:36:04'),(361,86,46,3,'2021-03-01 12:36:04'),(362,23,97,1,'2021-03-01 12:36:04'),(363,81,61,3,'2021-03-01 12:36:04'),(364,22,26,3,'2021-03-01 12:36:04'),(365,50,52,1,'2021-03-01 12:36:04'),(366,81,81,3,'2021-03-01 12:36:04'),(367,78,97,2,'2021-03-01 12:36:04'),(368,51,9,4,'2021-03-01 12:36:04'),(369,36,2,4,'2021-03-01 12:36:04'),(370,90,52,4,'2021-03-01 12:36:04'),(371,100,27,2,'2021-03-01 12:36:04'),(372,82,11,1,'2021-03-01 12:36:04'),(373,9,18,3,'2021-03-01 12:36:04'),(374,70,56,3,'2021-03-01 12:36:04'),(375,72,57,3,'2021-03-01 12:36:04'),(376,63,12,3,'2021-03-01 12:36:04'),(377,32,36,4,'2021-03-01 12:36:04'),(378,21,44,3,'2021-03-01 12:36:04'),(379,66,51,3,'2021-03-01 12:36:04'),(380,29,73,4,'2021-03-01 12:36:04'),(381,80,60,3,'2021-03-01 12:36:04'),(382,22,25,3,'2021-03-01 12:36:04'),(383,32,75,4,'2021-03-01 12:36:04'),(384,72,19,4,'2021-03-01 12:36:04'),(385,43,72,2,'2021-03-01 12:36:04'),(386,51,53,1,'2021-03-01 12:36:04'),(387,100,64,1,'2021-03-01 12:36:04'),(388,96,26,2,'2021-03-01 12:36:04'),(389,29,22,1,'2021-03-01 12:36:04'),(390,32,2,1,'2021-03-01 12:36:04'),(391,62,70,3,'2021-03-01 12:36:04'),(392,92,79,1,'2021-03-01 12:36:04'),(393,47,84,4,'2021-03-01 12:36:04'),(394,45,85,4,'2021-03-01 12:36:04'),(395,92,90,4,'2021-03-01 12:36:04'),(396,8,11,2,'2021-03-01 12:36:04'),(397,17,96,1,'2021-03-01 12:36:04'),(398,40,24,1,'2021-03-01 12:36:04'),(399,31,52,3,'2021-03-01 12:36:04'),(400,70,55,3,'2021-03-01 12:36:04'),(401,51,66,3,'2021-03-01 12:36:04'),(402,74,46,1,'2021-03-01 12:36:04'),(403,2,86,1,'2021-03-01 12:36:04'),(404,60,29,3,'2021-03-01 12:36:04'),(405,39,100,4,'2021-03-01 12:36:04'),(406,100,60,4,'2021-03-01 12:36:04'),(407,9,52,2,'2021-03-01 12:36:04'),(408,2,15,3,'2021-03-01 12:36:04'),(409,92,57,1,'2021-03-01 12:36:04'),(410,78,58,3,'2021-03-01 12:36:04'),(411,4,55,3,'2021-03-01 12:36:04'),(412,32,82,1,'2021-03-01 12:36:04'),(413,12,25,4,'2021-03-01 12:36:04'),(414,70,84,1,'2021-03-01 12:36:04'),(415,79,78,3,'2021-03-01 12:36:04'),(416,24,65,3,'2021-03-01 12:36:04'),(417,65,69,2,'2021-03-01 12:36:04'),(418,34,27,2,'2021-03-01 12:36:04'),(419,71,64,1,'2021-03-01 12:36:04'),(420,40,81,4,'2021-03-01 12:36:04'),(421,82,55,2,'2021-03-01 12:36:04'),(422,65,49,2,'2021-03-01 12:36:04'),(423,86,92,4,'2021-03-01 12:36:04'),(424,26,26,3,'2021-03-01 12:36:04'),(425,89,83,2,'2021-03-01 12:36:04'),(426,99,46,2,'2021-03-01 12:36:04'),(427,12,70,1,'2021-03-01 12:36:04'),(428,58,49,3,'2021-03-01 12:36:04'),(429,1,97,4,'2021-03-01 12:36:04'),(430,12,17,2,'2021-03-01 12:36:04'),(431,92,14,4,'2021-03-01 12:36:04'),(432,22,30,4,'2021-03-01 12:36:04'),(433,22,63,2,'2021-03-01 12:36:04'),(434,55,27,3,'2021-03-01 12:36:04'),(435,66,22,1,'2021-03-01 12:36:04'),(436,83,87,4,'2021-03-01 12:36:04'),(437,51,8,4,'2021-03-01 12:36:04'),(438,1,49,2,'2021-03-01 12:36:04'),(439,65,96,4,'2021-03-01 12:36:04'),(440,43,56,2,'2021-03-01 12:36:04'),(441,82,59,2,'2021-03-01 12:36:04'),(442,73,12,2,'2021-03-01 12:36:04'),(443,64,100,1,'2021-03-01 12:36:04'),(444,43,90,1,'2021-03-01 12:36:04'),(445,16,29,4,'2021-03-01 12:36:04'),(446,98,97,4,'2021-03-01 12:36:04'),(447,68,62,1,'2021-03-01 12:36:04'),(448,49,22,3,'2021-03-01 12:36:04'),(449,52,70,4,'2021-03-01 12:36:04'),(450,46,56,2,'2021-03-01 12:36:04'),(451,39,72,2,'2021-03-01 12:36:04'),(452,81,85,4,'2021-03-01 12:36:04'),(453,56,34,4,'2021-03-01 12:36:04'),(454,93,67,3,'2021-03-01 12:36:04'),(455,76,15,2,'2021-03-01 12:36:04'),(456,86,88,4,'2021-03-01 12:36:04'),(457,51,7,4,'2021-03-01 12:36:04'),(458,76,39,3,'2021-03-01 12:36:04'),(459,30,40,1,'2021-03-01 12:36:04'),(460,31,24,2,'2021-03-01 12:36:04'),(461,57,5,3,'2021-03-01 12:36:04'),(462,59,30,3,'2021-03-01 12:36:04'),(463,64,10,3,'2021-03-01 12:36:04'),(464,40,37,3,'2021-03-01 12:36:04'),(465,18,90,4,'2021-03-01 12:36:04'),(466,13,76,2,'2021-03-01 12:36:04'),(467,71,36,3,'2021-03-01 12:36:04'),(468,10,59,3,'2021-03-01 12:36:04'),(469,40,8,1,'2021-03-01 12:36:04'),(470,86,63,3,'2021-03-01 12:36:04'),(471,99,21,1,'2021-03-01 12:36:04'),(472,69,24,1,'2021-03-01 12:36:04'),(473,97,43,1,'2021-03-01 12:36:04'),(474,85,54,1,'2021-03-01 12:36:04'),(475,22,57,1,'2021-03-01 12:36:04'),(476,20,46,3,'2021-03-01 12:36:04'),(477,12,49,1,'2021-03-01 12:36:04'),(478,95,51,3,'2021-03-01 12:36:04'),(479,84,16,2,'2021-03-01 12:36:04'),(480,88,60,2,'2021-03-01 12:36:04'),(481,87,35,1,'2021-03-01 12:36:04'),(482,66,87,2,'2021-03-01 12:36:04'),(483,24,7,3,'2021-03-01 12:36:04'),(484,1,12,3,'2021-03-01 12:36:04'),(485,37,19,4,'2021-03-01 12:36:04'),(486,72,1,4,'2021-03-01 12:36:04'),(487,45,53,2,'2021-03-01 12:36:04'),(488,99,97,4,'2021-03-01 12:36:04'),(489,51,91,1,'2021-03-01 12:36:04'),(490,30,47,2,'2021-03-01 12:36:04'),(491,84,83,3,'2021-03-01 12:36:04'),(492,65,36,4,'2021-03-01 12:36:04'),(493,15,19,2,'2021-03-01 12:36:04'),(494,91,7,3,'2021-03-01 12:36:04'),(495,79,14,2,'2021-03-01 12:36:04'),(496,19,97,2,'2021-03-01 12:36:04'),(497,55,85,3,'2021-03-01 12:36:04'),(498,51,71,4,'2021-03-01 12:36:04'),(499,85,27,4,'2021-03-01 12:36:04'),(500,21,64,3,'2021-03-01 12:36:04'),(501,85,57,2,'2021-03-01 12:36:04'),(502,70,68,2,'2021-03-01 12:36:04'),(503,26,51,3,'2021-03-01 12:36:04'),(504,25,96,1,'2021-03-01 12:36:04'),(505,49,22,3,'2021-03-01 12:36:04'),(506,51,63,3,'2021-03-01 12:36:04'),(507,14,89,1,'2021-03-01 12:36:04'),(508,43,9,1,'2021-03-01 12:36:04'),(509,53,15,1,'2021-03-01 12:36:04'),(510,33,18,4,'2021-03-01 12:36:04'),(511,91,88,3,'2021-03-01 12:36:04'),(512,62,13,4,'2021-03-01 12:36:04'),(513,62,68,3,'2021-03-01 12:36:04'),(514,66,69,2,'2021-03-01 12:36:04'),(515,17,50,4,'2021-03-01 12:36:04'),(516,41,10,2,'2021-03-01 12:36:04'),(517,3,35,3,'2021-03-01 12:36:04'),(518,11,64,4,'2021-03-01 12:36:04'),(519,36,23,1,'2021-03-01 12:36:04'),(520,65,5,2,'2021-03-01 12:36:04'),(521,24,38,1,'2021-03-01 12:36:04'),(522,71,3,1,'2021-03-01 12:36:04'),(523,1,99,4,'2021-03-01 12:36:04'),(524,47,68,4,'2021-03-01 12:36:04'),(525,93,66,2,'2021-03-01 12:36:04'),(526,46,85,4,'2021-03-01 12:36:04'),(527,74,10,2,'2021-03-01 12:36:04'),(528,4,39,4,'2021-03-01 12:36:04'),(529,92,15,4,'2021-03-01 12:36:04'),(530,41,12,2,'2021-03-01 12:36:04'),(531,49,32,1,'2021-03-01 12:36:04'),(532,61,72,4,'2021-03-01 12:36:04'),(533,71,22,4,'2021-03-01 12:36:04'),(534,8,54,2,'2021-03-01 12:36:04'),(535,65,88,2,'2021-03-01 12:36:04'),(536,57,50,4,'2021-03-01 12:36:04'),(537,47,96,2,'2021-03-01 12:36:04'),(538,97,74,4,'2021-03-01 12:36:04'),(539,73,27,1,'2021-03-01 12:36:04'),(540,96,34,4,'2021-03-01 12:36:04'),(541,3,69,2,'2021-03-01 12:36:04'),(542,85,9,4,'2021-03-01 12:36:04'),(543,20,33,1,'2021-03-01 12:36:04'),(544,7,30,2,'2021-03-01 12:36:04'),(545,55,85,3,'2021-03-01 12:36:04'),(546,57,96,1,'2021-03-01 12:36:04'),(547,58,60,2,'2021-03-01 12:36:04'),(548,61,17,1,'2021-03-01 12:36:04'),(549,68,26,1,'2021-03-01 12:36:04'),(550,45,52,1,'2021-03-01 12:36:04'),(551,60,28,3,'2021-03-01 12:36:04'),(552,23,29,4,'2021-03-01 12:36:04'),(553,94,41,1,'2021-03-01 12:36:04'),(554,78,29,1,'2021-03-01 12:36:04'),(555,74,30,2,'2021-03-01 12:36:04'),(556,58,98,1,'2021-03-01 12:36:04'),(557,91,4,2,'2021-03-01 12:36:04'),(558,25,80,2,'2021-03-01 12:36:04'),(559,94,90,3,'2021-03-01 12:36:04'),(560,60,99,1,'2021-03-01 12:36:04'),(561,86,81,2,'2021-03-01 12:36:04'),(562,73,36,3,'2021-03-01 12:36:04'),(563,96,94,4,'2021-03-01 12:36:04'),(564,42,54,2,'2021-03-01 12:36:04'),(565,46,7,4,'2021-03-01 12:36:04'),(566,60,11,3,'2021-03-01 12:36:04'),(567,30,34,4,'2021-03-01 12:36:04'),(568,82,81,3,'2021-03-01 12:36:04'),(569,40,30,2,'2021-03-01 12:36:04'),(570,52,76,1,'2021-03-01 12:36:04'),(571,84,50,1,'2021-03-01 12:36:04'),(572,51,54,1,'2021-03-01 12:36:04'),(573,22,57,1,'2021-03-01 12:36:04'),(574,32,95,4,'2021-03-01 12:36:04'),(575,15,35,2,'2021-03-01 12:36:04'),(576,39,6,1,'2021-03-01 12:36:04'),(577,44,83,4,'2021-03-01 12:36:04'),(578,65,74,4,'2021-03-01 12:36:04'),(579,61,72,4,'2021-03-01 12:36:04'),(580,77,50,1,'2021-03-01 12:36:04'),(581,34,20,4,'2021-03-01 12:36:04'),(582,14,87,4,'2021-03-01 12:36:04'),(583,93,93,4,'2021-03-01 12:36:04'),(584,49,89,4,'2021-03-01 12:36:04'),(585,6,47,1,'2021-03-01 12:36:04'),(586,45,73,2,'2021-03-01 12:36:04'),(587,20,15,1,'2021-03-01 12:36:04'),(588,22,71,4,'2021-03-01 12:36:04'),(589,19,35,1,'2021-03-01 12:36:04'),(590,76,32,2,'2021-03-01 12:36:04'),(591,65,28,2,'2021-03-01 12:36:04'),(592,31,25,2,'2021-03-01 12:36:04'),(593,82,15,2,'2021-03-01 12:36:04'),(594,97,97,4,'2021-03-01 12:36:04'),(595,87,48,4,'2021-03-01 12:36:04'),(596,41,73,2,'2021-03-01 12:36:04'),(597,95,45,2,'2021-03-01 12:36:04'),(598,65,4,1,'2021-03-01 12:36:04'),(599,2,40,4,'2021-03-01 12:36:04'),(600,56,92,4,'2021-03-01 12:36:04'),(601,79,23,4,'2021-03-01 12:36:04'),(602,17,54,1,'2021-03-01 12:36:04'),(603,29,88,3,'2021-03-01 12:36:04'),(604,4,56,3,'2021-03-01 12:36:04'),(605,82,98,2,'2021-03-01 12:36:04'),(606,31,17,4,'2021-03-01 12:36:04'),(607,8,66,1,'2021-03-01 12:36:04'),(608,21,93,1,'2021-03-01 12:36:04'),(609,28,34,4,'2021-03-01 12:36:04'),(610,21,50,4,'2021-03-01 12:36:04'),(611,83,53,1,'2021-03-01 12:36:04'),(612,21,56,1,'2021-03-01 12:36:04'),(613,22,55,1,'2021-03-01 12:36:04'),(614,66,13,3,'2021-03-01 12:36:04'),(615,93,62,2,'2021-03-01 12:36:04'),(616,84,15,1,'2021-03-01 12:36:04'),(617,65,59,1,'2021-03-01 12:36:04'),(618,28,37,4,'2021-03-01 12:36:04'),(619,76,89,1,'2021-03-01 12:36:04'),(620,18,37,2,'2021-03-01 12:36:04'),(621,43,20,3,'2021-03-01 12:36:04'),(622,92,50,3,'2021-03-01 12:36:04'),(623,4,7,1,'2021-03-01 12:36:04'),(624,95,5,2,'2021-03-01 12:36:04'),(625,79,76,2,'2021-03-01 12:36:04'),(626,88,9,4,'2021-03-01 12:36:04'),(627,73,26,1,'2021-03-01 12:36:04'),(628,69,17,3,'2021-03-01 12:36:04'),(629,24,94,4,'2021-03-01 12:36:04'),(630,2,20,4,'2021-03-01 12:36:04'),(631,99,18,4,'2021-03-01 12:36:04'),(632,10,71,1,'2021-03-01 12:36:04'),(633,2,42,1,'2021-03-01 12:36:04'),(634,82,6,4,'2021-03-01 12:36:04'),(635,4,64,1,'2021-03-01 12:36:04'),(636,42,88,1,'2021-03-01 12:36:04'),(637,1,65,1,'2021-03-01 12:36:04'),(638,16,11,1,'2021-03-01 12:36:04'),(639,5,2,4,'2021-03-01 12:36:04'),(640,63,32,3,'2021-03-01 12:36:04'),(641,59,82,2,'2021-03-01 12:36:04'),(642,16,81,3,'2021-03-01 12:36:04'),(643,43,44,4,'2021-03-01 12:36:04'),(644,14,100,3,'2021-03-01 12:36:04'),(645,98,9,2,'2021-03-01 12:36:04'),(646,23,65,3,'2021-03-01 12:36:04'),(647,76,17,3,'2021-03-01 12:36:04'),(648,23,49,4,'2021-03-01 12:36:04'),(649,44,85,4,'2021-03-01 12:36:04'),(650,9,66,1,'2021-03-01 12:36:04'),(651,19,83,3,'2021-03-01 12:36:04'),(652,40,24,1,'2021-03-01 12:36:04'),(653,39,88,1,'2021-03-01 12:36:04'),(654,36,21,4,'2021-03-01 12:36:04'),(655,11,71,1,'2021-03-01 12:36:04'),(656,83,55,2,'2021-03-01 12:36:04'),(657,76,92,2,'2021-03-01 12:36:04'),(658,94,66,2,'2021-03-01 12:36:04'),(659,32,23,1,'2021-03-01 12:36:04'),(660,15,23,3,'2021-03-01 12:36:04'),(661,80,92,1,'2021-03-01 12:36:04'),(662,15,19,3,'2021-03-01 12:36:04'),(663,95,24,2,'2021-03-01 12:36:04'),(664,96,78,1,'2021-03-01 12:36:04'),(665,75,68,1,'2021-03-01 12:36:04'),(666,70,3,1,'2021-03-01 12:36:04'),(667,20,83,3,'2021-03-01 12:36:04'),(668,10,94,2,'2021-03-01 12:36:04'),(669,11,41,3,'2021-03-01 12:36:04'),(670,25,16,1,'2021-03-01 12:36:04'),(671,74,57,3,'2021-03-01 12:36:04'),(672,29,67,2,'2021-03-01 12:36:04'),(673,21,74,1,'2021-03-01 12:36:04'),(674,1,89,2,'2021-03-01 12:36:04'),(675,38,66,1,'2021-03-01 12:36:04'),(676,81,59,2,'2021-03-01 12:36:04'),(677,68,92,3,'2021-03-01 12:36:04'),(678,95,12,4,'2021-03-01 12:36:04'),(679,45,95,2,'2021-03-01 12:36:04'),(680,6,16,3,'2021-03-01 12:36:04'),(681,63,27,2,'2021-03-01 12:36:04'),(682,47,99,3,'2021-03-01 12:36:04'),(683,60,45,2,'2021-03-01 12:36:04'),(684,81,75,2,'2021-03-01 12:36:04'),(685,29,54,4,'2021-03-01 12:36:04'),(686,48,95,2,'2021-03-01 12:36:04'),(687,51,75,1,'2021-03-01 12:36:04'),(688,71,96,3,'2021-03-01 12:36:04'),(689,56,70,4,'2021-03-01 12:36:04'),(690,8,86,1,'2021-03-01 12:36:04'),(691,78,70,1,'2021-03-01 12:36:04'),(692,50,12,1,'2021-03-01 12:36:04'),(693,23,80,2,'2021-03-01 12:36:04'),(694,2,26,1,'2021-03-01 12:36:04'),(695,27,72,4,'2021-03-01 12:36:04'),(696,84,76,2,'2021-03-01 12:36:04'),(697,22,21,2,'2021-03-01 12:36:04'),(698,16,72,1,'2021-03-01 12:36:04'),(699,51,14,1,'2021-03-01 12:36:04'),(700,32,16,4,'2021-03-01 12:36:04'),(701,60,54,4,'2021-03-01 12:36:04'),(702,81,37,2,'2021-03-01 12:36:04'),(703,7,3,4,'2021-03-01 12:36:04'),(704,59,14,4,'2021-03-01 12:36:04'),(705,25,45,2,'2021-03-01 12:36:04'),(706,8,93,2,'2021-03-01 12:36:04'),(707,25,2,2,'2021-03-01 12:36:04'),(708,69,39,4,'2021-03-01 12:36:04'),(709,18,29,4,'2021-03-01 12:36:04'),(710,64,47,2,'2021-03-01 12:36:04'),(711,72,33,2,'2021-03-01 12:36:04'),(712,32,19,1,'2021-03-01 12:36:04'),(713,45,24,4,'2021-03-01 12:36:04'),(714,50,95,2,'2021-03-01 12:36:04'),(715,42,32,2,'2021-03-01 12:36:04'),(716,65,27,2,'2021-03-01 12:36:04'),(717,12,44,4,'2021-03-01 12:36:04'),(718,80,51,1,'2021-03-01 12:36:04'),(719,34,15,3,'2021-03-01 12:36:04'),(720,21,86,3,'2021-03-01 12:36:04'),(721,75,74,2,'2021-03-01 12:36:04'),(722,6,90,2,'2021-03-01 12:36:04'),(723,90,52,4,'2021-03-01 12:36:04'),(724,2,35,3,'2021-03-01 12:36:04'),(725,35,72,3,'2021-03-01 12:36:04'),(726,41,51,2,'2021-03-01 12:36:04'),(727,10,52,2,'2021-03-01 12:36:04'),(728,92,71,4,'2021-03-01 12:36:04'),(729,72,28,1,'2021-03-01 12:36:04'),(730,31,87,2,'2021-03-01 12:36:04'),(731,40,78,3,'2021-03-01 12:36:04'),(732,10,41,4,'2021-03-01 12:36:04'),(733,61,72,4,'2021-03-01 12:36:04'),(734,67,5,1,'2021-03-01 12:36:04'),(735,100,28,2,'2021-03-01 12:36:04'),(736,27,7,3,'2021-03-01 12:36:04'),(737,38,36,3,'2021-03-01 12:36:04'),(738,22,12,4,'2021-03-01 12:36:04'),(739,21,32,4,'2021-03-01 12:36:04'),(740,76,96,2,'2021-03-01 12:36:04'),(741,62,60,1,'2021-03-01 12:36:04'),(742,78,55,2,'2021-03-01 12:36:04'),(743,37,64,1,'2021-03-01 12:36:04'),(744,48,14,2,'2021-03-01 12:36:04'),(745,87,57,1,'2021-03-01 12:36:04'),(746,48,68,4,'2021-03-01 12:36:04'),(747,66,49,2,'2021-03-01 12:36:04'),(748,81,69,1,'2021-03-01 12:36:04'),(749,96,77,4,'2021-03-01 12:36:04'),(750,53,73,1,'2021-03-01 12:36:04'),(751,11,38,3,'2021-03-01 12:36:04'),(752,53,5,3,'2021-03-01 12:36:04'),(753,18,91,4,'2021-03-01 12:36:04'),(754,17,91,1,'2021-03-01 12:36:04'),(755,36,76,3,'2021-03-01 12:36:04'),(756,31,40,1,'2021-03-01 12:36:04'),(757,4,4,1,'2021-03-01 12:36:04'),(758,36,48,2,'2021-03-01 12:36:04'),(759,14,74,2,'2021-03-01 12:36:04'),(760,9,67,1,'2021-03-01 12:36:04'),(761,43,88,1,'2021-03-01 12:36:04'),(762,86,1,2,'2021-03-01 12:36:04'),(763,25,88,3,'2021-03-01 12:36:04'),(764,61,8,3,'2021-03-01 12:36:04'),(765,61,33,4,'2021-03-01 12:36:04'),(766,7,89,1,'2021-03-01 12:36:04'),(767,55,3,2,'2021-03-01 12:36:04'),(768,32,13,3,'2021-03-01 12:36:04'),(769,10,39,3,'2021-03-01 12:36:04'),(770,15,73,1,'2021-03-01 12:36:04'),(771,78,32,1,'2021-03-01 12:36:04'),(772,30,75,4,'2021-03-01 12:36:04'),(773,98,33,3,'2021-03-01 12:36:04'),(774,68,20,4,'2021-03-01 12:36:04'),(775,4,39,4,'2021-03-01 12:36:04'),(776,10,94,2,'2021-03-01 12:36:04'),(777,7,20,4,'2021-03-01 12:36:04'),(778,29,10,3,'2021-03-01 12:36:04'),(779,93,72,4,'2021-03-01 12:36:04'),(780,77,49,1,'2021-03-01 12:36:04'),(781,21,65,3,'2021-03-01 12:36:04'),(782,10,65,4,'2021-03-01 12:36:04'),(783,73,82,4,'2021-03-01 12:36:04'),(784,22,26,3,'2021-03-01 12:36:04'),(785,50,52,1,'2021-03-01 12:36:04'),(786,93,33,4,'2021-03-01 12:36:04'),(787,24,67,3,'2021-03-01 12:36:04'),(788,18,96,1,'2021-03-01 12:36:04'),(789,39,16,3,'2021-03-01 12:36:04'),(790,79,97,2,'2021-03-01 12:36:04'),(791,53,17,1,'2021-03-01 12:36:04'),(792,71,81,4,'2021-03-01 12:36:04'),(793,15,100,3,'2021-03-01 12:36:04'),(794,62,55,4,'2021-03-01 12:36:04'),(795,64,62,1,'2021-03-01 12:36:04'),(796,1,53,3,'2021-03-01 12:36:04'),(797,51,67,4,'2021-03-01 12:36:04'),(798,10,1,3,'2021-03-01 12:36:04'),(799,74,42,4,'2021-03-01 12:36:04'),(800,9,83,4,'2021-03-01 12:36:04'),(801,85,64,3,'2021-03-01 12:36:04'),(802,36,82,4,'2021-03-01 12:36:04'),(803,55,76,1,'2021-03-01 12:36:04'),(804,31,20,1,'2021-03-01 12:36:04'),(805,68,23,1,'2021-03-01 12:36:04'),(806,86,97,1,'2021-03-01 12:36:04'),(807,32,86,2,'2021-03-01 12:36:04'),(808,10,48,1,'2021-03-01 12:36:04'),(809,5,95,3,'2021-03-01 12:36:04'),(810,7,59,3,'2021-03-01 12:36:04'),(811,85,9,4,'2021-03-01 12:36:04'),(812,17,19,2,'2021-03-01 12:36:04'),(813,57,57,1,'2021-03-01 12:36:04'),(814,90,13,4,'2021-03-01 12:36:04'),(815,39,9,1,'2021-03-01 12:36:04'),(816,94,99,1,'2021-03-01 12:36:04'),(817,64,80,1,'2021-03-01 12:36:04'),(818,11,22,4,'2021-03-01 12:36:04'),(819,25,91,4,'2021-03-01 12:36:04'),(820,17,49,4,'2021-03-01 12:36:04'),(821,28,55,4,'2021-03-01 12:36:04'),(822,87,64,3,'2021-03-01 12:36:04'),(823,4,42,4,'2021-03-01 12:36:04'),(824,50,65,3,'2021-03-01 12:36:04'),(825,66,14,3,'2021-03-01 12:36:04'),(826,19,76,1,'2021-03-01 12:36:04'),(827,87,64,3,'2021-03-01 12:36:04'),(828,3,37,4,'2021-03-01 12:36:04'),(829,73,33,2,'2021-03-01 12:36:04'),(830,37,44,1,'2021-03-01 12:36:04'),(831,96,63,2,'2021-03-01 12:36:04'),(832,42,31,2,'2021-03-01 12:36:04'),(833,52,70,4,'2021-03-01 12:36:04'),(834,61,21,1,'2021-03-01 12:36:04'),(835,43,50,1,'2021-03-01 12:36:04'),(836,53,1,2,'2021-03-01 12:36:04'),(837,28,1,1,'2021-03-01 12:36:04'),(838,93,5,2,'2021-03-01 12:36:04'),(839,27,86,3,'2021-03-01 12:36:04'),(840,97,29,3,'2021-03-01 12:36:04'),(841,93,96,1,'2021-03-01 12:36:04'),(842,20,95,1,'2021-03-01 12:36:04'),(843,91,9,3,'2021-03-01 12:36:04'),(844,24,8,3,'2021-03-01 12:36:04'),(845,20,92,1,'2021-03-01 12:36:04'),(846,29,40,1,'2021-03-01 12:36:04'),(847,43,74,2,'2021-03-01 12:36:04'),(848,98,56,4,'2021-03-01 12:36:04'),(849,60,43,2,'2021-03-01 12:36:04'),(850,36,79,4,'2021-03-01 12:36:04'),(851,98,27,2,'2021-03-01 12:36:04'),(852,20,80,2,'2021-03-01 12:36:04'),(853,61,82,2,'2021-03-01 12:36:04'),(854,94,86,2,'2021-03-01 12:36:04'),(855,84,71,1,'2021-03-01 12:36:04'),(856,15,54,2,'2021-03-01 12:36:04'),(857,78,4,4,'2021-03-01 12:36:04'),(858,25,60,1,'2021-03-01 12:36:04'),(859,39,25,1,'2021-03-01 12:36:04'),(860,63,93,3,'2021-03-01 12:36:04'),(861,82,93,1,'2021-03-01 12:36:04'),(862,24,55,1,'2021-03-01 12:36:04'),(863,48,31,1,'2021-03-01 12:36:04'),(864,66,92,3,'2021-03-01 12:36:04'),(865,39,3,4,'2021-03-01 12:36:04'),(866,82,15,2,'2021-03-01 12:36:04'),(867,89,64,3,'2021-03-01 12:36:04'),(868,75,13,2,'2021-03-01 12:36:04'),(869,58,69,3,'2021-03-01 12:36:04'),(870,56,62,2,'2021-03-01 12:36:04'),(871,12,43,3,'2021-03-01 12:36:04'),(872,47,8,1,'2021-03-01 12:36:04'),(873,82,4,3,'2021-03-01 12:36:04'),(874,59,72,4,'2021-03-01 12:36:04'),(875,88,97,1,'2021-03-01 12:36:04'),(876,19,27,4,'2021-03-01 12:36:04'),(877,2,78,4,'2021-03-01 12:36:04'),(878,96,22,1,'2021-03-01 12:36:04'),(879,40,35,3,'2021-03-01 12:36:04'),(880,73,97,3,'2021-03-01 12:36:04'),(881,41,3,4,'2021-03-01 12:36:04'),(882,47,63,3,'2021-03-01 12:36:04'),(883,77,63,4,'2021-03-01 12:36:04'),(884,33,11,3,'2021-03-01 12:36:04'),(885,48,70,1,'2021-03-01 12:36:04'),(886,9,32,2,'2021-03-01 12:36:04'),(887,78,85,4,'2021-03-01 12:36:04'),(888,2,33,3,'2021-03-01 12:36:04'),(889,94,94,4,'2021-03-01 12:36:04'),(890,51,95,1,'2021-03-01 12:36:04'),(891,16,17,2,'2021-03-01 12:36:04'),(892,46,10,1,'2021-03-01 12:36:04'),(893,19,68,4,'2021-03-01 12:36:04'),(894,92,23,2,'2021-03-01 12:36:04'),(895,17,73,1,'2021-03-01 12:36:04'),(896,53,21,2,'2021-03-01 12:36:04'),(897,61,72,3,'2021-03-01 12:36:04'),(898,59,71,3,'2021-03-01 12:36:04'),(899,61,80,1,'2021-03-01 12:36:04'),(900,36,36,3,'2021-03-01 12:36:04'),(901,48,24,4,'2021-03-01 12:36:04'),(902,8,11,2,'2021-03-01 12:36:04'),(903,19,2,3,'2021-03-01 12:36:04'),(904,56,22,2,'2021-03-01 12:36:04'),(905,37,65,1,'2021-03-01 12:36:04'),(906,62,73,4,'2021-03-01 12:36:04'),(907,89,98,1,'2021-03-01 12:36:04'),(908,26,56,1,'2021-03-01 12:36:04'),(909,37,83,1,'2021-03-01 12:36:04'),(910,70,37,3,'2021-03-01 12:36:04'),(911,64,92,3,'2021-03-01 12:36:04'),(912,73,52,2,'2021-03-01 12:36:04'),(913,58,59,1,'2021-03-01 12:36:04'),(914,34,3,1,'2021-03-01 12:36:04'),(915,57,44,2,'2021-03-01 12:36:04'),(916,14,22,3,'2021-03-01 12:36:04'),(917,75,68,1,'2021-03-01 12:36:04'),(918,71,8,2,'2021-03-01 12:36:04'),(919,17,98,2,'2021-03-01 12:36:04'),(920,97,70,3,'2021-03-01 12:36:04'),(921,88,61,2,'2021-03-01 12:36:04'),(922,7,22,4,'2021-03-01 12:36:04'),(923,76,14,2,'2021-03-01 12:36:04'),(924,55,57,1,'2021-03-01 12:36:04'),(925,22,54,1,'2021-03-01 12:36:04'),(926,56,68,3,'2021-03-01 12:36:04'),(927,45,14,2,'2021-03-01 12:36:04'),(928,35,66,2,'2021-03-01 12:36:04'),(929,38,8,1,'2021-03-01 12:36:04'),(930,93,93,4,'2021-03-01 12:36:04'),(931,53,3,3,'2021-03-01 12:36:04'),(932,83,40,2,'2021-03-01 12:36:04'),(933,17,45,3,'2021-03-01 12:36:04'),(934,22,97,1,'2021-03-01 12:36:04'),(935,94,20,1,'2021-03-01 12:36:04'),(936,12,18,3,'2021-03-01 12:36:04'),(937,15,11,1,'2021-03-01 12:36:04'),(938,17,54,1,'2021-03-01 12:36:04'),(939,31,99,1,'2021-03-01 12:36:04'),(940,8,36,3,'2021-03-01 12:36:04'),(941,62,48,3,'2021-03-01 12:36:04'),(942,26,66,3,'2021-03-01 12:36:04'),(943,67,74,3,'2021-03-01 12:36:04'),(944,27,26,2,'2021-03-01 12:36:04'),(945,56,38,1,'2021-03-01 12:36:04'),(946,3,42,4,'2021-03-01 12:36:04'),(947,74,70,2,'2021-03-01 12:36:04'),(948,34,84,1,'2021-03-01 12:36:04'),(949,31,6,2,'2021-03-01 12:36:04'),(950,55,71,4,'2021-03-01 12:36:04'),(951,41,32,2,'2021-03-01 12:36:04'),(952,78,85,4,'2021-03-01 12:36:04'),(953,90,81,2,'2021-03-01 12:36:04'),(954,40,89,1,'2021-03-01 12:36:04'),(955,57,10,4,'2021-03-01 12:36:04'),(956,55,46,3,'2021-03-01 12:36:04'),(957,73,79,3,'2021-03-01 12:36:04'),(958,34,49,2,'2021-03-01 12:36:04'),(959,50,30,1,'2021-03-01 12:36:04'),(960,20,93,1,'2021-03-01 12:36:04'),(961,37,76,3,'2021-03-01 12:36:04'),(962,15,69,4,'2021-03-01 12:36:04'),(963,88,40,2,'2021-03-01 12:36:04'),(964,62,1,1,'2021-03-01 12:36:04'),(965,93,4,2,'2021-03-01 12:36:04'),(966,3,84,1,'2021-03-01 12:36:04'),(967,10,12,2,'2021-03-01 12:36:04'),(968,5,40,4,'2021-03-01 12:36:04'),(969,97,34,4,'2021-03-01 12:36:04'),(970,84,90,4,'2021-03-01 12:36:04'),(971,12,71,1,'2021-03-01 12:36:04'),(972,79,38,3,'2021-03-01 12:36:04'),(973,44,66,4,'2021-03-01 12:36:04'),(974,83,27,4,'2021-03-01 12:36:04'),(975,36,28,2,'2021-03-01 12:36:04'),(976,78,92,2,'2021-03-01 12:36:04'),(977,55,97,1,'2021-03-01 12:36:04'),(978,3,56,3,'2021-03-01 12:36:04'),(979,98,70,3,'2021-03-01 12:36:04'),(980,57,24,2,'2021-03-01 12:36:04'),(981,65,83,1,'2021-03-01 12:36:04'),(982,51,95,1,'2021-03-01 12:36:04'),(983,20,34,1,'2021-03-01 12:36:04'),(984,53,31,4,'2021-03-01 12:36:04'),(985,75,95,2,'2021-03-01 12:36:04'),(986,64,68,2,'2021-03-01 12:36:04'),(987,38,46,1,'2021-03-01 12:36:04'),(988,24,84,2,'2021-03-01 12:36:04'),(989,78,51,1,'2021-03-01 12:36:04'),(990,43,55,2,'2021-03-01 12:36:04'),(991,76,35,2,'2021-03-01 12:36:04'),(992,32,18,4,'2021-03-01 12:36:04'),(993,2,37,4,'2021-03-01 12:36:04'),(994,70,21,4,'2021-03-01 12:36:04'),(995,15,86,4,'2021-03-01 12:36:04'),(996,69,90,2,'2021-03-01 12:36:04'),(997,31,36,4,'2021-03-01 12:36:04'),(998,8,92,2,'2021-03-01 12:36:04'),(999,99,89,2,'2021-03-01 12:36:04'),(1000,66,89,2,'2021-03-01 12:36:04');
/*!40000 ALTER TABLE `likes` ENABLE KEYS */;
UNLOCK TABLES;

--
-- Table structure for table `media`
--

DROP TABLE IF EXISTS `media`;
/*!40101 SET @saved_cs_client     = @@character_set_client */;
/*!50503 SET character_set_client = utf8mb4 */;
CREATE TABLE `media` (
  `id` int unsigned NOT NULL AUTO_INCREMENT COMMENT 'Идентификатор строки',
  `user_id` int unsigned NOT NULL COMMENT 'Ссылка на пользователя, который загрузил файл',
  `filename` varchar(255) CHARACTER SET utf8mb4 COLLATE utf8mb4_unicode_ci NOT NULL COMMENT 'Путь к файлу',
  `size` int NOT NULL COMMENT 'Размер файла',
  `metadata` json DEFAULT NULL,
  `media_type_id` int unsigned NOT NULL COMMENT 'Ссылка на тип контента',
  `created_at` datetime DEFAULT CURRENT_TIMESTAMP COMMENT 'Время создания строки',
  `updated_at` datetime DEFAULT CURRENT_TIMESTAMP ON UPDATE CURRENT_TIMESTAMP COMMENT 'Время обновления строки',
  PRIMARY KEY (`id`),
  KEY `media_user_id_fk` (`user_id`),
  KEY `media_media_type_id_fk` (`media_type_id`),
  CONSTRAINT `media_media_type_id_fk` FOREIGN KEY (`media_type_id`) REFERENCES `media_types` (`id`),
  CONSTRAINT `media_user_id_fk` FOREIGN KEY (`user_id`) REFERENCES `users` (`id`)
) ENGINE=InnoDB AUTO_INCREMENT=101 DEFAULT CHARSET=utf8mb4 COLLATE=utf8mb4_unicode_ci COMMENT='Медиафайлы';
/*!40101 SET character_set_client = @saved_cs_client */;

--
-- Dumping data for table `media`
--

LOCK TABLES `media` WRITE;
/*!40000 ALTER TABLE `media` DISABLE KEYS */;
INSERT INTO `media` VALUES (1,23,'http://dropbox.net/vk/fugiat.iso',745444,'{\"owner\": \"Kyleigh Rolfson\"}',2,'2020-08-06 01:57:42','2021-02-22 08:46:20'),(2,22,'http://dropbox.net/vk/qui.iso',7866601,'{\"owner\": \"Yoshiko Leuschke\"}',2,'2020-05-30 09:52:39','2021-02-22 08:46:20'),(3,40,'http://dropbox.net/vk/molestiae.iso',822171,'{\"owner\": \"Abel Gottlieb\"}',2,'2020-09-10 09:13:54','2021-02-22 08:46:20'),(4,35,'http://dropbox.net/vk/animi.etx',378556,'{\"owner\": \"Casandra Powlowski\"}',10,'2020-07-14 17:47:59','2021-02-22 08:46:20'),(5,52,'http://dropbox.net/vk/deserunt.jnlp',56664,'{\"owner\": \"Nolan Wiza\"}',1,'2020-10-14 20:26:01','2021-02-22 08:46:20'),(6,55,'http://dropbox.net/vk/dolorem.iso',416266,'{\"owner\": \"Maximillia Jenkins\"}',2,'2020-09-30 09:05:43','2021-02-22 08:46:20'),(7,20,'http://dropbox.net/vk/repudiandae.ez2',935665,'{\"owner\": \"Hettie Simonis\"}',4,'2020-06-03 10:17:36','2021-02-22 08:46:20'),(8,32,'http://dropbox.net/vk/eos.h264',4157760,'{\"owner\": \"Ole Tromp\"}',7,'2020-05-22 18:59:43','2021-02-22 08:46:20'),(9,1,'http://dropbox.net/vk/consequuntur.etx',808631,'{\"owner\": \"Jared Eichmann\"}',10,'2020-03-22 22:33:23','2021-02-22 08:46:20'),(10,8,'http://dropbox.net/vk/distinctio.iso',9829,'{\"owner\": \"Icie Kemmer\"}',2,'2020-12-29 04:49:47','2021-02-22 08:46:20'),(11,36,'http://dropbox.net/vk/aut.etx',41204,'{\"owner\": \"Kasey Schultz\"}',10,'2020-02-23 20:27:04','2021-02-22 08:46:20'),(12,55,'http://dropbox.net/vk/quas.ez2',5145709,'{\"owner\": \"Maximillia Jenkins\"}',4,'2021-01-25 19:22:37','2021-02-22 08:46:20'),(13,67,'http://dropbox.net/vk/saepe.jpm',419526,'{\"owner\": \"Chase Bahringer\"}',5,'2020-09-12 22:08:33','2021-02-22 08:46:20'),(14,68,'http://dropbox.net/vk/odit.jpm',280635,'{\"owner\": \"Kolby Jacobs\"}',5,'2020-03-05 16:11:27','2021-02-22 08:46:20'),(15,38,'http://dropbox.net/vk/similique.jpm',289236,'{\"owner\": \"Barrett McClure\"}',5,'2020-07-23 19:54:35','2021-02-22 08:46:20'),(16,88,'http://dropbox.net/vk/asperiores.deb',9576957,'{\"owner\": \"Sofia Weber\"}',6,'2020-03-20 14:14:10','2021-02-22 08:46:20'),(17,24,'http://dropbox.net/vk/quae.ez2',24738625,'{\"owner\": \"Herman Ferry\"}',4,'2020-12-14 13:26:22','2021-02-22 08:46:20'),(18,56,'http://dropbox.net/vk/voluptate.prc',19465477,'{\"owner\": \"Alfonso Jast\"}',8,'2020-06-26 07:31:13','2021-02-22 08:46:20'),(19,9,'http://dropbox.net/vk/hic.rtx',98497,'{\"owner\": \"Lelia Farrell\"}',3,'2020-10-14 20:04:22','2021-02-22 08:46:20'),(20,75,'http://dropbox.net/vk/minus.deb',134599,'{\"owner\": \"Adriel Dicki\"}',6,'2020-08-11 07:58:23','2021-02-22 08:46:20'),(21,47,'http://dropbox.net/vk/pariatur.iso',821091,'{\"owner\": \"Triston O\'Conner\"}',2,'2020-03-02 06:09:40','2021-02-22 08:46:20'),(22,9,'http://dropbox.net/vk/aspernatur.iso',64416843,'{\"owner\": \"Lelia Farrell\"}',2,'2020-10-08 13:21:48','2021-02-22 08:46:20'),(23,6,'http://dropbox.net/vk/incidunt.ez2',691659,'{\"owner\": \"Elnora Runolfsson\"}',4,'2021-02-17 07:30:24','2021-02-22 08:46:20'),(24,3,'http://dropbox.net/vk/possimus.iso',4690298,'{\"owner\": \"Yvonne Kris\"}',2,'2020-12-11 08:05:51','2021-02-22 08:46:20'),(25,94,'http://dropbox.net/vk/optio.ez2',29466266,'{\"owner\": \"Elliot Kreiger\"}',4,'2020-02-26 20:17:50','2021-02-22 08:46:20'),(26,63,'http://dropbox.net/vk/aliquid.etx',985024,'{\"owner\": \"Curtis Mitchell\"}',10,'2020-06-02 01:34:13','2021-02-22 08:46:20'),(27,33,'http://dropbox.net/vk/unde.deb',840140,'{\"owner\": \"Graciela Adams\"}',6,'2021-02-13 22:06:10','2021-02-22 08:46:20'),(28,75,'http://dropbox.net/vk/saepe.etx',235632,'{\"owner\": \"Adriel Dicki\"}',10,'2020-03-16 07:39:31','2021-02-22 08:46:20'),(29,75,'http://dropbox.net/vk/cupiditate.rtx',647738,'{\"owner\": \"Adriel Dicki\"}',3,'2021-01-02 11:55:29','2021-02-22 08:46:20'),(30,51,'http://dropbox.net/vk/quas.jpm',521795,'{\"owner\": \"Jayne Hayes\"}',5,'2020-06-12 16:14:58','2021-02-22 08:46:20'),(31,30,'http://dropbox.net/vk/quidem.h264',2342,'{\"owner\": \"Amara Gerlach\"}',7,'2020-10-11 03:43:53','2021-02-22 08:46:20'),(32,94,'http://dropbox.net/vk/nisi.etx',655761,'{\"owner\": \"Elliot Kreiger\"}',10,'2021-01-05 02:21:38','2021-02-22 08:46:20'),(33,81,'http://dropbox.net/vk/eligendi.jpm',4071,'{\"owner\": \"Rafael Bayer\"}',5,'2021-01-07 04:08:59','2021-02-22 08:46:20'),(34,20,'http://dropbox.net/vk/minus.jpm',8878845,'{\"owner\": \"Hettie Simonis\"}',5,'2020-10-12 04:58:51','2021-02-22 08:46:20'),(35,58,'http://dropbox.net/vk/enim.etx',1211346,'{\"owner\": \"Freeman Metz\"}',10,'2020-06-03 06:10:01','2021-02-22 08:46:20'),(36,30,'http://dropbox.net/vk/itaque.ez2',703422,'{\"owner\": \"Amara Gerlach\"}',4,'2020-07-31 04:24:10','2021-02-22 08:46:20'),(37,77,'http://dropbox.net/vk/aut.jnlp',18604,'{\"owner\": \"Merritt Pfeffer\"}',1,'2020-04-20 04:39:58','2021-02-22 08:46:20'),(38,93,'http://dropbox.net/vk/porro.ez2',9275726,'{\"owner\": \"Annie Larkin\"}',4,'2020-11-07 11:12:17','2021-02-22 08:46:20'),(39,33,'http://dropbox.net/vk/ex.ez2',539826,'{\"owner\": \"Graciela Adams\"}',4,'2021-02-11 01:16:13','2021-02-22 08:46:20'),(40,86,'http://dropbox.net/vk/ea.jnlp',731004514,'{\"owner\": \"Maryse Wilderman\"}',1,'2020-09-28 20:07:13','2021-02-22 08:46:20'),(41,30,'http://dropbox.net/vk/et.deb',77998,'{\"owner\": \"Amara Gerlach\"}',6,'2020-12-11 09:51:43','2021-02-22 08:46:20'),(42,93,'http://dropbox.net/vk/iure.ez2',578863,'{\"owner\": \"Annie Larkin\"}',4,'2020-10-16 16:32:40','2021-02-22 08:46:20'),(43,72,'http://dropbox.net/vk/neque.prc',349547,'{\"owner\": \"Albina Osinski\"}',8,'2021-02-16 12:22:08','2021-02-22 08:46:20'),(44,81,'http://dropbox.net/vk/rerum.iso',264841,'{\"owner\": \"Rafael Bayer\"}',2,'2020-06-12 22:20:36','2021-02-22 08:46:20'),(45,89,'http://dropbox.net/vk/voluptate.jpm',577615,'{\"owner\": \"Dewayne Cormier\"}',5,'2020-11-19 15:42:48','2021-02-22 08:46:20'),(46,1,'http://dropbox.net/vk/dolor.jnlp',275135,'{\"owner\": \"Jared Eichmann\"}',1,'2020-12-10 19:13:15','2021-02-22 08:46:20'),(47,39,'http://dropbox.net/vk/vel.deb',72540,'{\"owner\": \"Gracie Dickinson\"}',6,'2020-06-23 17:46:03','2021-02-22 08:46:20'),(48,90,'http://dropbox.net/vk/corrupti.etx',209248597,'{\"owner\": \"Mateo Greenfelder\"}',10,'2020-04-19 18:32:59','2021-02-22 08:46:20'),(49,34,'http://dropbox.net/vk/omnis.h264',83551,'{\"owner\": \"Halle Koss\"}',7,'2020-07-19 02:42:46','2021-02-22 08:46:20'),(50,98,'http://dropbox.net/vk/veniam.prc',674912,'{\"owner\": \"Delilah Paucek\"}',8,'2020-07-27 02:56:48','2021-02-22 08:46:20'),(51,89,'http://dropbox.net/vk/culpa.iso',48699,'{\"owner\": \"Dewayne Cormier\"}',2,'2020-05-09 21:15:56','2021-02-22 08:46:20'),(52,51,'http://dropbox.net/vk/ex.h264',33716601,'{\"owner\": \"Jayne Hayes\"}',7,'2020-05-16 05:02:19','2021-02-22 08:46:20'),(53,87,'http://dropbox.net/vk/iste.prc',113909,'{\"owner\": \"Alexandria Conroy\"}',8,'2021-01-05 08:06:46','2021-02-22 08:46:20'),(54,79,'http://dropbox.net/vk/et.jpm',327093,'{\"owner\": \"Kendrick Hegmann\"}',5,'2021-01-15 19:40:36','2021-02-22 08:46:20'),(55,36,'http://dropbox.net/vk/quisquam.rtx',484801698,'{\"owner\": \"Kasey Schultz\"}',3,'2020-03-01 02:17:25','2021-02-22 08:46:20'),(56,41,'http://dropbox.net/vk/nulla.jnlp',534808,'{\"owner\": \"General Lebsack\"}',1,'2020-04-30 17:34:23','2021-02-22 08:46:20'),(57,96,'http://dropbox.net/vk/iure.jnlp',322312,'{\"owner\": \"Ryan Kshlerin\"}',1,'2021-01-07 19:47:49','2021-02-22 08:46:20'),(58,59,'http://dropbox.net/vk/nobis.ez2',997137,'{\"owner\": \"Tony Ondricka\"}',4,'2020-06-19 06:08:41','2021-02-22 08:46:20'),(59,4,'http://dropbox.net/vk/ut.crd',71366824,'{\"owner\": \"Bulah Grant\"}',9,'2020-08-08 08:55:17','2021-02-22 08:46:20'),(60,43,'http://dropbox.net/vk/natus.etx',1008749,'{\"owner\": \"Greta Schuster\"}',10,'2021-01-20 19:51:13','2021-02-22 08:46:20'),(61,1,'http://dropbox.net/vk/expedita.deb',156620208,'{\"owner\": \"Jared Eichmann\"}',6,'2020-03-27 22:08:07','2021-02-22 08:46:20'),(62,78,'http://dropbox.net/vk/consequatur.h264',7719,'{\"owner\": \"Zelda Berge\"}',7,'2020-10-14 11:49:06','2021-02-22 08:46:20'),(63,84,'http://dropbox.net/vk/omnis.etx',42335,'{\"owner\": \"Myrna Wolff\"}',10,'2020-09-11 07:44:24','2021-02-22 08:46:20'),(64,88,'http://dropbox.net/vk/enim.ez2',175428,'{\"owner\": \"Sofia Weber\"}',4,'2020-03-24 00:19:55','2021-02-22 08:46:20'),(65,88,'http://dropbox.net/vk/error.ez2',226126,'{\"owner\": \"Sofia Weber\"}',4,'2021-01-14 20:34:25','2021-02-22 08:46:20'),(66,74,'http://dropbox.net/vk/sint.jnlp',210394,'{\"owner\": \"Sheridan Fritsch\"}',1,'2021-01-23 23:38:02','2021-02-22 08:46:20'),(67,4,'http://dropbox.net/vk/voluptas.rtx',740134,'{\"owner\": \"Bulah Grant\"}',3,'2020-10-08 22:57:46','2021-02-22 08:46:20'),(68,98,'http://dropbox.net/vk/delectus.prc',893603,'{\"owner\": \"Delilah Paucek\"}',8,'2020-10-02 18:36:51','2021-02-22 08:46:20'),(69,77,'http://dropbox.net/vk/reprehenderit.etx',57906,'{\"owner\": \"Merritt Pfeffer\"}',10,'2020-07-22 19:32:36','2021-02-22 08:46:20'),(70,93,'http://dropbox.net/vk/vitae.ez2',237466,'{\"owner\": \"Annie Larkin\"}',4,'2020-06-26 20:41:16','2021-02-22 08:46:20'),(71,32,'http://dropbox.net/vk/saepe.deb',849177,'{\"owner\": \"Ole Tromp\"}',6,'2020-09-16 22:49:51','2021-02-22 08:46:20'),(72,82,'http://dropbox.net/vk/eos.h264',164389,'{\"owner\": \"Samanta Nikolaus\"}',7,'2020-05-23 01:41:25','2021-02-22 08:46:20'),(73,12,'http://dropbox.net/vk/ipsa.etx',4786,'{\"owner\": \"Tobin McGlynn\"}',10,'2020-06-25 21:32:56','2021-02-22 08:46:20'),(74,12,'http://dropbox.net/vk/est.etx',9621860,'{\"owner\": \"Tobin McGlynn\"}',10,'2020-07-14 06:35:18','2021-02-22 08:46:20'),(75,25,'http://dropbox.net/vk/est.jpm',119317,'{\"owner\": \"Columbus Jakubowski\"}',5,'2021-01-04 03:45:06','2021-02-22 08:46:20'),(76,87,'http://dropbox.net/vk/sapiente.rtx',1950,'{\"owner\": \"Alexandria Conroy\"}',3,'2020-04-23 17:30:39','2021-02-22 08:46:20'),(77,61,'http://dropbox.net/vk/deserunt.jpm',71241288,'{\"owner\": \"Tiana Hoeger\"}',5,'2020-11-03 11:16:21','2021-02-22 08:46:20'),(78,43,'http://dropbox.net/vk/neque.etx',591543,'{\"owner\": \"Greta Schuster\"}',10,'2021-02-17 15:58:24','2021-02-22 08:46:20'),(79,32,'http://dropbox.net/vk/esse.prc',454549,'{\"owner\": \"Ole Tromp\"}',8,'2021-01-25 17:51:00','2021-02-22 08:46:20'),(80,28,'http://dropbox.net/vk/id.crd',488116,'{\"owner\": \"Willow Hackett\"}',9,'2020-12-27 22:42:51','2021-02-22 08:46:20'),(81,47,'http://dropbox.net/vk/esse.etx',66932,'{\"owner\": \"Triston O\'Conner\"}',10,'2020-04-03 01:43:15','2021-02-22 08:46:20'),(82,50,'http://dropbox.net/vk/in.rtx',17758,'{\"owner\": \"Hadley Wisozk\"}',3,'2020-02-29 02:25:10','2021-02-22 08:46:20'),(83,7,'http://dropbox.net/vk/modi.jpm',860314,'{\"owner\": \"August Greenholt\"}',5,'2020-12-11 03:45:51','2021-02-22 08:46:20'),(84,85,'http://dropbox.net/vk/illum.prc',5655353,'{\"owner\": \"Sierra Shanahan\"}',8,'2020-07-31 04:33:46','2021-02-22 08:46:20'),(85,4,'http://dropbox.net/vk/et.prc',10939492,'{\"owner\": \"Bulah Grant\"}',8,'2021-02-18 16:28:40','2021-02-22 08:46:20'),(86,64,'http://dropbox.net/vk/rem.etx',932034,'{\"owner\": \"Lorna Tromp\"}',10,'2020-10-12 17:21:29','2021-02-22 08:46:20'),(87,7,'http://dropbox.net/vk/et.h264',90775,'{\"owner\": \"August Greenholt\"}',7,'2020-12-31 03:08:46','2021-02-22 08:46:20'),(88,41,'http://dropbox.net/vk/consequatur.rtx',862933,'{\"owner\": \"General Lebsack\"}',3,'2020-04-11 15:41:14','2021-02-22 08:46:20'),(89,86,'http://dropbox.net/vk/non.etx',3831762,'{\"owner\": \"Maryse Wilderman\"}',10,'2020-05-16 17:42:00','2021-02-22 08:46:20'),(90,6,'http://dropbox.net/vk/ex.crd',2125,'{\"owner\": \"Elnora Runolfsson\"}',9,'2020-12-14 21:28:54','2021-02-22 08:46:20'),(91,70,'http://dropbox.net/vk/ut.jnlp',844273,'{\"owner\": \"Maybelle Homenick\"}',1,'2020-07-25 05:55:36','2021-02-22 08:46:20'),(92,33,'http://dropbox.net/vk/explicabo.deb',731594197,'{\"owner\": \"Graciela Adams\"}',6,'2021-01-07 17:44:53','2021-02-22 08:46:20'),(93,54,'http://dropbox.net/vk/veritatis.deb',37722790,'{\"owner\": \"Richard Kerluke\"}',6,'2020-05-05 12:51:16','2021-02-22 08:46:20'),(94,70,'http://dropbox.net/vk/eos.deb',32339,'{\"owner\": \"Maybelle Homenick\"}',6,'2021-01-29 19:15:04','2021-02-22 08:46:20'),(95,89,'http://dropbox.net/vk/ipsam.etx',562899,'{\"owner\": \"Dewayne Cormier\"}',10,'2020-12-22 05:33:26','2021-02-22 08:46:20'),(96,35,'http://dropbox.net/vk/in.deb',707478,'{\"owner\": \"Casandra Powlowski\"}',6,'2020-03-10 18:39:25','2021-02-22 08:46:20'),(97,8,'http://dropbox.net/vk/assumenda.etx',838691,'{\"owner\": \"Icie Kemmer\"}',10,'2021-01-17 04:47:27','2021-02-22 08:46:20'),(98,34,'http://dropbox.net/vk/qui.rtx',35541267,'{\"owner\": \"Halle Koss\"}',3,'2020-09-06 11:06:54','2021-02-22 08:46:20'),(99,45,'http://dropbox.net/vk/atque.iso',54585,'{\"owner\": \"Beatrice Farrell\"}',2,'2021-01-14 17:31:17','2021-02-22 08:46:20'),(100,24,'http://dropbox.net/vk/id.h264',61025,'{\"owner\": \"Herman Ferry\"}',7,'2020-04-10 05:53:13','2021-02-22 08:46:20');
/*!40000 ALTER TABLE `media` ENABLE KEYS */;
UNLOCK TABLES;

--
-- Table structure for table `media_types`
--

DROP TABLE IF EXISTS `media_types`;
/*!40101 SET @saved_cs_client     = @@character_set_client */;
/*!50503 SET character_set_client = utf8mb4 */;
CREATE TABLE `media_types` (
  `id` int unsigned NOT NULL AUTO_INCREMENT COMMENT 'Идентификатор строки',
  `name` varchar(255) CHARACTER SET utf8mb4 COLLATE utf8mb4_unicode_ci NOT NULL COMMENT 'Название типа',
  `created_at` datetime DEFAULT CURRENT_TIMESTAMP COMMENT 'Время создания строки',
  `updated_at` datetime DEFAULT CURRENT_TIMESTAMP ON UPDATE CURRENT_TIMESTAMP COMMENT 'Время обновления строки',
  PRIMARY KEY (`id`),
  UNIQUE KEY `name` (`name`)
) ENGINE=InnoDB AUTO_INCREMENT=11 DEFAULT CHARSET=utf8mb4 COLLATE=utf8mb4_unicode_ci COMMENT='Типы медиафайлов';
/*!40101 SET character_set_client = @saved_cs_client */;

--
-- Dumping data for table `media_types`
--

LOCK TABLES `media_types` WRITE;
/*!40000 ALTER TABLE `media_types` DISABLE KEYS */;
INSERT INTO `media_types` VALUES (1,'jnlp','2020-10-05 23:17:52','2020-12-11 10:22:50'),(2,'iso','2020-04-05 13:46:03','2020-04-15 07:12:18'),(3,'rtx','2020-10-29 10:36:31','2020-02-28 18:28:45'),(4,'ez2','2020-06-27 20:10:38','2020-08-15 00:57:37'),(5,'jpm','2020-12-19 11:21:32','2021-02-08 22:45:13'),(6,'deb','2020-10-01 02:37:23','2020-09-01 14:20:00'),(7,'h264','2020-07-27 11:00:41','2020-03-31 13:33:11'),(8,'prc','2020-12-03 07:20:37','2020-04-20 02:39:46'),(9,'crd','2021-02-03 10:54:03','2020-09-20 14:22:36'),(10,'etx','2020-06-28 02:06:07','2020-09-29 20:55:52');
/*!40000 ALTER TABLE `media_types` ENABLE KEYS */;
UNLOCK TABLES;

--
-- Table structure for table `messages`
--

DROP TABLE IF EXISTS `messages`;
/*!40101 SET @saved_cs_client     = @@character_set_client */;
/*!50503 SET character_set_client = utf8mb4 */;
CREATE TABLE `messages` (
  `id` int unsigned NOT NULL AUTO_INCREMENT COMMENT 'Идентификатор строки',
  `from_user_id` int unsigned NOT NULL COMMENT 'Ссылка на отправителя сообщения',
  `to_user_id` int unsigned NOT NULL COMMENT 'Ссылка на получателя сообщения',
  `body` text CHARACTER SET utf8mb4 COLLATE utf8mb4_unicode_ci NOT NULL COMMENT 'Текст сообщения',
  `is_delivered` tinyint(1) DEFAULT NULL COMMENT 'Признак доставки',
  `is_checked` tinyint(1) DEFAULT NULL COMMENT 'Признак прочитанности',
  `created_at` datetime DEFAULT CURRENT_TIMESTAMP COMMENT 'Время создания строки',
  PRIMARY KEY (`id`),
  KEY `messages_from_user_id_fk` (`from_user_id`),
  KEY `messages_to_user_id_fk` (`to_user_id`),
  CONSTRAINT `messages_from_user_id_fk` FOREIGN KEY (`from_user_id`) REFERENCES `users` (`id`),
  CONSTRAINT `messages_to_user_id_fk` FOREIGN KEY (`to_user_id`) REFERENCES `users` (`id`)
) ENGINE=InnoDB AUTO_INCREMENT=1001 DEFAULT CHARSET=utf8mb4 COLLATE=utf8mb4_unicode_ci COMMENT='Сообщения';
/*!40101 SET character_set_client = @saved_cs_client */;

--
-- Dumping data for table `messages`
--

LOCK TABLES `messages` WRITE;
/*!40000 ALTER TABLE `messages` DISABLE KEYS */;
INSERT INTO `messages` VALUES (1,23,2,'Ullam odio cupiditate voluptas magni quod. Aut dolorum illo et itaque recusandae quas maiores. Nostrum ipsam et earum voluptatem sed fugiat veniam et.',1,1,'2020-10-27 13:01:30'),(2,43,6,'Magni velit at nobis est sit vitae. Dolorum iusto saepe quia ducimus error totam voluptas. Aut eos soluta reiciendis nesciunt sint. Et nihil est placeat consequatur.',1,0,'2020-02-18 14:25:23'),(3,1,88,'Quis soluta qui voluptas animi laborum sed architecto. Explicabo accusamus quisquam provident vitae rem voluptas est sapiente. Necessitatibus consequatur alias voluptates quisquam rerum nulla laboriosam. Deleniti reiciendis et quisquam cumque perferendis dolorem sunt.',1,1,'2021-02-07 04:17:38'),(4,35,10,'Cupiditate nam tenetur ut. Eligendi vel nostrum molestias aperiam beatae consequatur. Eum aut non illo id quis dolores. Laboriosam quis provident praesentium dolores nihil quasi debitis.',1,1,'2020-08-29 09:19:02'),(5,44,91,'Molestiae rerum repellat consequatur commodi asperiores hic. Alias libero suscipit minima odio aut. Alias odit qui sit culpa sequi odit quia consectetur.',1,0,'2020-05-04 14:18:19'),(6,24,45,'Ipsum similique tempore vel et id est voluptatem. Est incidunt omnis molestiae veniam quam quibusdam magnam.',0,1,'2020-12-08 16:33:49'),(7,53,28,'A sit doloremque sequi voluptas quis ratione. Dolores nemo ea nemo est fuga similique libero. Fugit similique in pariatur sit. Consequatur recusandae quia iure illo impedit.',0,1,'2021-01-18 04:05:02'),(8,80,16,'Perferendis aut quas sed commodi ipsum in quia. Repudiandae totam possimus in et est sed. Accusamus odio et expedita. Voluptatibus officiis dolores rerum repellat necessitatibus corrupti.',1,1,'2020-02-25 21:03:55'),(9,39,47,'Temporibus sed enim mollitia beatae laboriosam. Est alias nisi temporibus et. Consectetur laudantium debitis omnis velit. Odio voluptatum qui dolor et velit soluta.',1,0,'2020-06-21 14:42:00'),(10,18,50,'Omnis et eveniet ut commodi. Officia et rerum et. Et reprehenderit mollitia aliquam ut.',1,0,'2020-08-14 08:45:58'),(11,95,24,'Ut error architecto id. Dolorem asperiores quas dicta nemo dolorum culpa. Eius pariatur neque nihil modi beatae sed quasi dolor.',0,1,'2020-03-22 15:55:11'),(12,36,4,'Et itaque nisi aut necessitatibus. Cum rerum nam autem et nobis similique. Nulla sapiente tenetur quae explicabo et veritatis est.',0,1,'2020-04-22 00:21:25'),(13,15,59,'Porro in qui libero porro aut sit. Neque consequatur est excepturi minus suscipit. Nostrum aut porro dolores est autem.',0,0,'2020-04-02 23:58:51'),(14,53,86,'Ut atque ullam rerum recusandae earum libero ut. Et repudiandae unde sunt quasi. Laborum doloribus aut laboriosam commodi et non molestiae.',0,1,'2020-10-30 04:43:44'),(15,72,99,'Cumque dolore aut sunt occaecati. Quo officia in a aut. Nobis quo quo in iste voluptas.',0,1,'2020-04-29 06:30:40'),(16,80,3,'Et fuga quisquam et blanditiis. Ea exercitationem fuga accusantium numquam autem sit. Omnis itaque numquam voluptatum accusantium reiciendis.',0,1,'2020-04-15 08:54:49'),(17,75,63,'Et asperiores quae illo magnam. Est ad in assumenda mollitia asperiores. Possimus qui iste facilis minus illo ex.',1,1,'2020-07-08 13:17:16'),(18,89,58,'Dolorem expedita culpa ut ea impedit hic. Quia dicta provident et nulla quos. Quas nihil aut porro consectetur. Sit aliquam non mollitia in quaerat qui.',1,0,'2020-05-26 06:14:42'),(19,21,29,'Cupiditate deserunt molestiae dolores libero animi. Facilis pariatur explicabo nobis. Enim hic doloribus omnis cum enim a corrupti.',0,1,'2020-08-12 22:44:53'),(20,82,22,'Et qui itaque nesciunt praesentium quia id debitis. Perferendis voluptatibus corporis odio ut perspiciatis quis dolore. Sit repellendus commodi quis aperiam facere a. Rem excepturi facere enim sed.',1,1,'2020-05-11 16:44:35'),(21,66,62,'Ea non quis dolores molestias natus quae velit eum. Pariatur ad dolore nobis vitae nisi consequatur ipsum. Iure dolor consectetur nobis repellendus iste maxime magni.',0,0,'2020-08-14 12:14:02'),(22,13,76,'Officiis consequatur accusantium et molestias et sit numquam eos. Odit culpa minus pariatur et reprehenderit. Facilis distinctio odit voluptatibus qui accusantium ut laudantium.',1,1,'2020-08-12 00:26:11'),(23,40,74,'Excepturi facere nemo est qui sit mollitia. Ut in debitis itaque sit minima quos minima. Ut architecto nihil eum omnis expedita voluptatem et.',1,1,'2021-01-17 11:10:07'),(24,51,29,'Sed consectetur itaque illo et iste repudiandae praesentium aspernatur. Praesentium voluptatem id in libero veniam. Ducimus blanditiis ut rerum id similique non quia totam.',1,1,'2020-06-04 16:29:53'),(25,94,81,'Quia deleniti quos delectus voluptas veniam fugiat. Aspernatur eum et laudantium adipisci dolores. Et voluptatem quaerat sit dignissimos provident.',0,1,'2020-11-28 01:08:06'),(26,25,79,'Neque iure asperiores nostrum ad qui. Id aut voluptas porro.',0,0,'2020-07-12 15:17:13'),(27,21,66,'Laboriosam est qui eum animi corporis aut corporis. Vel molestiae similique id officia earum quos fugiat optio. Et non minima vel neque est. Sint fuga deserunt ad perspiciatis qui quam in corporis.',0,0,'2020-05-09 23:25:30'),(28,69,46,'Qui ducimus explicabo ratione dolorem dolore laudantium. Ut in quod doloribus laborum sunt. Voluptates rerum sequi numquam illo.',1,0,'2020-06-26 08:54:04'),(29,21,68,'Odit autem eum quae quo. Possimus sed modi animi et libero placeat qui illum.',0,1,'2020-05-08 19:37:04'),(30,77,79,'Nisi dolorem animi delectus consequatur. Dolore porro qui dolores soluta odit. Incidunt laudantium libero ipsum.',1,0,'2020-09-01 01:46:47'),(31,65,87,'Perspiciatis dolor nihil vitae placeat. Sapiente officiis quidem aliquid tenetur temporibus est qui.',0,1,'2020-05-17 23:14:45'),(32,37,26,'Voluptatibus molestiae possimus beatae tempore. Tempora at dolorem necessitatibus rerum recusandae quis. Inventore tempore inventore repellendus reprehenderit dolorum dolor. Et sed id soluta asperiores nulla.',1,0,'2020-11-21 18:51:27'),(33,19,15,'Aut ad qui ab autem. Est delectus provident culpa.',0,0,'2020-05-15 23:13:15'),(34,18,46,'Sit voluptate ut ea ad laudantium. Incidunt voluptatem ab illo. Facilis accusantium tempore sint eum tempore qui.',0,0,'2020-11-05 20:02:32'),(35,74,31,'Dolorem quae amet quis ut blanditiis voluptatem tempora. Rerum provident aut vitae. In consequuntur vero consectetur vel qui suscipit. Illo error ipsa eaque eos autem voluptas odit.',1,0,'2020-08-19 05:12:15'),(36,34,78,'Eos ut vero iusto natus accusamus debitis. Nisi quaerat nihil repudiandae vel voluptatem occaecati molestiae aut. At rem quibusdam esse.',0,1,'2020-07-16 10:59:21'),(37,85,90,'Tenetur est quos et et. Vitae quam ab aspernatur ratione totam repudiandae. Autem odio commodi occaecati saepe expedita maxime cupiditate. Et aspernatur et voluptatum qui voluptates.',1,0,'2020-11-29 13:39:10'),(38,97,15,'At odio minima perferendis consequatur aut. Qui aut porro occaecati cumque. Dicta perferendis maiores tempore impedit ex. Laborum iste laudantium necessitatibus quam at maiores et quos. Libero sequi doloremque eos eos.',0,0,'2020-09-19 09:59:30'),(39,81,62,'Dolores et quisquam amet vero suscipit. Sapiente dolores dignissimos rem quia error. Fugit at impedit qui voluptas. Alias nobis soluta aliquid voluptatem ipsam qui.',0,1,'2020-10-15 22:53:52'),(40,64,35,'Non possimus fugit libero. Natus qui dolores hic aut possimus dolorum sit. Enim est nemo a dolorem rem optio sed corporis. Natus accusamus culpa recusandae quasi libero.',0,1,'2020-03-10 18:44:37'),(41,80,97,'Maiores soluta fuga ea voluptas ducimus cupiditate et. Quos culpa enim at optio animi ratione asperiores. Officia harum voluptas atque id recusandae. Ab nihil soluta porro aut ut.',0,0,'2021-01-27 17:06:29'),(42,42,18,'Quisquam vitae non cupiditate aut dolores. Laboriosam maiores delectus itaque nihil et voluptatibus quaerat. Minus ea ad sit quae.',1,1,'2020-08-05 15:47:05'),(43,67,78,'Nisi nesciunt modi tempore a omnis est et. Fuga facilis illo ad. Laudantium veniam omnis eos. Qui voluptates aut dolores delectus ea dolores.',1,1,'2020-07-05 16:57:30'),(44,88,5,'Amet molestiae et enim. Unde voluptatibus sint suscipit corporis voluptatem consequuntur corporis sunt. Praesentium quasi facilis ducimus autem consequatur vel. Libero aut ad quis et nobis est rerum voluptatem. Delectus optio non voluptatem enim libero aliquid dolorum est.',1,1,'2020-08-02 13:16:52'),(45,59,82,'Ea et nemo totam ratione nesciunt neque. Quia explicabo odit sunt laborum. Adipisci quis ex fugit officiis pariatur sint et neque.',1,0,'2020-03-28 15:14:16'),(46,34,20,'Architecto asperiores voluptatum dolor incidunt aliquam. Et sequi rem velit. Voluptatum rerum est ut.',1,0,'2021-02-13 01:34:15'),(47,99,36,'Nostrum cupiditate velit sed impedit quo eligendi aut. Sed alias at iste quasi quis ad.',1,0,'2020-05-10 01:04:10'),(48,80,94,'Veritatis sequi omnis aperiam tempore soluta excepturi. Et voluptas exercitationem facere quam. Voluptas eius earum eveniet et distinctio sit.',1,0,'2020-07-24 01:33:30'),(49,31,69,'Iusto mollitia ut aut aut eligendi. Impedit nulla et quo itaque. Odio repellendus repudiandae suscipit numquam deleniti. Qui eos delectus id quia possimus fugiat nihil. Animi praesentium nesciunt porro vero unde eligendi nobis.',0,1,'2021-01-18 15:10:29'),(50,52,51,'Aut harum praesentium maxime veniam voluptatum ipsum aperiam. Aut velit enim magni dolores veritatis voluptate eos. Sed et temporibus eos sed qui.',0,0,'2020-08-29 15:27:43'),(51,100,47,'Sit consequatur aut dolorem eos animi veniam. Est eum voluptas dolor occaecati minima provident dicta est. Voluptatibus enim voluptatem ad et. Sit quod illo cum et voluptatum nobis. Sit quo voluptas quo.',1,0,'2020-11-19 09:24:04'),(52,36,36,'Et mollitia sed hic nesciunt. Ea eveniet aliquid illum numquam explicabo dolorum possimus neque. Aut dolor id et voluptatem amet. Aut sunt necessitatibus fuga dignissimos voluptates.',1,0,'2020-05-18 08:36:13'),(53,70,45,'Cumque vero voluptatem accusamus maiores blanditiis. Dignissimos sint aut numquam consectetur saepe. Perspiciatis et numquam illo qui cumque.',0,0,'2020-06-25 12:09:37'),(54,11,22,'Ratione amet molestiae ducimus aliquid quia aliquid. Sed exercitationem unde corporis voluptates accusamus excepturi numquam. Est quibusdam itaque beatae quasi et illo porro. Inventore porro eveniet quod repellendus similique illum.',1,0,'2020-03-17 08:38:31'),(55,77,18,'Sed eum praesentium ex autem deserunt. Sed quasi non officiis delectus. Facere voluptate et eos soluta similique.',0,0,'2020-06-16 17:42:48'),(56,58,38,'Tempora quaerat aut architecto quo dolor cumque quam. Rem similique cum qui ullam quos at alias nostrum. Nihil fugiat nesciunt sed dolor. Et aut deleniti eius omnis.',1,1,'2020-06-24 10:02:18'),(57,13,50,'Animi ut quia id nemo. Aperiam magnam distinctio molestias recusandae. Voluptatem exercitationem ex ad.',1,1,'2020-03-25 14:45:35'),(58,9,98,'Quo modi et ut magnam sint fugiat nemo possimus. Aut consequatur et laboriosam. Sed enim qui incidunt et in quisquam unde.',1,1,'2020-08-03 10:45:08'),(59,60,6,'Magni nobis fugiat quis non. Natus est animi ipsa in. Deserunt architecto neque voluptas tenetur dolorum fuga ut. Et facere sequi quas quis distinctio voluptatibus.',0,0,'2020-03-21 10:26:25'),(60,51,35,'Excepturi harum voluptatem quas enim sed. Natus consequatur sed id sint aut veniam. Voluptatibus enim et corporis repudiandae iure molestias. Ea veniam laboriosam maiores.',1,0,'2020-05-21 18:49:45'),(61,23,10,'Est delectus animi repellat possimus ut. Nihil et soluta consequuntur magnam sapiente esse aut. Nam sunt odio voluptatem ea.',1,0,'2020-08-29 12:17:42'),(62,80,71,'Modi qui et qui eum quae inventore minus. Aut sed quia ullam molestiae aut nihil. Quasi eius sequi perspiciatis dolor non. Blanditiis quas totam dolorem tempora.',0,1,'2020-05-30 12:39:06'),(63,13,52,'Consequatur autem velit maxime optio. Voluptatibus aut vitae ullam voluptatem voluptatum. Consequatur atque necessitatibus alias assumenda consequatur quo minima assumenda. Id magnam quod laboriosam. Velit at aut quidem non reiciendis tenetur error est.',0,1,'2021-01-07 20:20:28'),(64,22,54,'Maxime voluptas ab possimus assumenda aliquid consequatur sunt. Sunt ducimus veniam harum.',1,1,'2020-08-26 10:50:08'),(65,1,44,'Nam quo repellat repellendus sed soluta. Dicta dolor autem hic dicta.',1,0,'2020-10-28 00:28:30'),(66,14,39,'Libero qui voluptate enim aut quis magnam maxime ut. Doloremque ut sit perferendis sed voluptatem accusamus nihil.',1,1,'2020-09-02 03:34:30'),(67,53,49,'Provident maxime autem sed facere. Quo nostrum officia velit suscipit cumque sed est. Exercitationem recusandae nisi necessitatibus consequatur qui aut.',0,0,'2020-10-07 12:14:39'),(68,83,68,'Esse enim vero tenetur natus. Deserunt vel sed quia nobis. Enim quisquam quos quae asperiores aut ea voluptas. Eius vitae aperiam cum voluptatem. Neque nihil nesciunt harum qui excepturi similique dicta vitae.',1,0,'2020-02-18 04:07:41'),(69,89,43,'Vero vero et maiores debitis. Quam perspiciatis non labore sit corrupti omnis nobis. Et repellendus ullam asperiores porro fuga libero.',1,0,'2020-09-27 02:43:09'),(70,45,97,'Ea dolorum saepe ex hic enim. Voluptatem enim omnis libero qui iure. Unde quae officiis ratione fugiat.',0,0,'2020-09-18 02:29:30'),(71,51,63,'Totam esse in et temporibus ea molestiae. Eum impedit sed impedit unde quis cumque.',0,1,'2020-10-19 04:26:23'),(72,59,7,'Facilis quaerat doloremque temporibus quasi. Et quas rem est voluptates est ducimus natus. Optio dolore sed in.',1,1,'2020-10-18 06:46:29'),(73,57,63,'Dolores in tempore atque. Enim voluptatem omnis quia et. Libero sit similique porro ut eligendi ipsam labore aliquam. Optio enim numquam officia dolor.',1,0,'2020-06-03 21:44:17'),(74,43,27,'Error molestiae et eum error eum. Molestiae molestiae alias autem. Qui excepturi repellendus autem ex aut.',1,0,'2020-05-05 03:03:31'),(75,3,35,'Soluta est velit vel laborum vitae aspernatur voluptas. Tempore excepturi voluptas repudiandae sapiente. Blanditiis pariatur quibusdam illum et.',0,0,'2021-01-25 20:37:05'),(76,67,30,'Enim soluta aut alias laborum tempora assumenda ipsa. Aut qui natus necessitatibus et nostrum. Quasi odit reprehenderit corporis natus possimus. Maiores necessitatibus quod sed et aspernatur a ut.',0,0,'2020-05-25 03:38:39'),(77,48,51,'Adipisci laboriosam laboriosam in consequatur qui itaque. Iure iusto nihil et consectetur eum. Totam inventore debitis est consectetur optio eum velit.',0,0,'2020-04-06 20:26:54'),(78,8,85,'Error quidem similique et. Animi cupiditate aut eius repudiandae. Voluptas qui nesciunt recusandae animi. Rerum error enim sequi beatae dignissimos sequi vitae voluptate.',0,0,'2020-06-05 12:57:43'),(79,4,64,'Sequi veniam tempora reprehenderit qui dolorem. Totam consequuntur quo quia qui voluptatem sed. Et iusto qui consequatur alias doloremque porro.',1,1,'2020-04-07 00:15:25'),(80,5,34,'Nam doloremque eius voluptates nihil. Ipsum aliquam quidem quibusdam nobis pariatur.',0,0,'2020-06-25 16:18:44'),(81,56,74,'In sequi neque excepturi et libero voluptatem non. Impedit corrupti laborum dolores veniam eos pariatur sapiente.',1,1,'2020-04-04 23:35:35'),(82,5,99,'Sit quia quia ducimus tenetur. Asperiores sapiente optio architecto consequatur eius. Aspernatur quas quos eius qui aliquid.',1,0,'2020-07-25 20:13:59'),(83,82,10,'Eaque reiciendis omnis explicabo. Fuga tenetur est repellendus mollitia. Nihil labore veritatis ullam aut ex soluta magni. Ipsa nobis voluptatum nihil.',0,0,'2020-05-14 18:53:26'),(84,6,99,'Velit beatae porro eaque fuga. Quasi rerum quidem natus. Officia velit pariatur ut quod ipsam dolorum magni. Omnis voluptatem laboriosam enim ea ut aut.',0,1,'2020-03-06 06:47:16'),(85,77,87,'Assumenda sapiente cupiditate esse iure nesciunt omnis. Nesciunt dolores nobis ut. Hic ullam omnis aut quas.',0,0,'2020-09-30 12:43:44'),(86,5,64,'Dolore qui ut id et possimus alias. Natus enim dolore qui est ex error. Facere velit aut provident doloribus quia. Voluptas et et est in neque possimus consequatur.',0,1,'2020-10-17 03:04:25'),(87,5,33,'Dolorum possimus labore corrupti iusto laborum. Veniam earum sint quo. Deleniti natus vel asperiores est. Ullam dolorem porro aut molestiae sed quis.',1,1,'2020-03-11 13:44:32'),(88,48,43,'Dolores enim doloribus est commodi. In cum velit quae dolorem molestiae laborum et. Voluptatem tempore aut non saepe sapiente. Porro laudantium qui sunt ut.',1,0,'2020-07-29 22:09:00'),(89,68,10,'Dolorem animi explicabo cupiditate tenetur libero laboriosam voluptatem. Aut quia sint ipsum qui et error. Dolores distinctio eos consequatur dolor ipsum officia.',1,0,'2020-11-05 02:20:48'),(90,46,100,'Magnam magni qui aliquid aliquid corrupti vel. Minus totam quos animi fugit enim ullam. Iusto consequuntur quis et.',1,0,'2020-03-09 03:49:40'),(91,61,6,'Qui fugiat sed odio omnis sed. Asperiores eaque autem laborum veritatis sunt sint. Et vitae nemo vitae dolore doloremque facere dignissimos.',1,1,'2020-11-04 19:29:23'),(92,45,6,'Ut tempora voluptatem enim earum. Dolorum dolorum dolorem recusandae hic tempore. Magnam repellat provident eligendi quis quam et at reiciendis.',0,1,'2020-11-13 20:53:47'),(93,95,55,'Dicta ad fugiat dolore ratione et. Rerum rerum dolores ullam maiores deleniti asperiores placeat. Dolorum architecto dolor sit dolores iste autem. Cupiditate et aut expedita vitae sint temporibus et. Cumque provident in et quis voluptas facere.',0,0,'2020-05-25 10:39:25'),(94,91,90,'Itaque modi unde molestiae ut. Officiis dignissimos dignissimos accusamus. Non et excepturi officiis unde. Officia voluptatem harum sunt qui dolorem necessitatibus.',0,0,'2020-06-02 10:35:07'),(95,77,15,'Sit sed et quis quia facere. Velit velit dolores soluta error. Ut sed quam et atque sed et beatae at. Magni facere quam quae aliquam.',0,1,'2021-02-09 11:26:20'),(96,43,71,'Ut repudiandae voluptas facilis a iusto hic. Tempora sunt voluptates nam inventore ipsum. Magni voluptas sequi qui earum reiciendis magni. Consequatur consequatur repellat dolor voluptatem exercitationem eius repellat.',1,0,'2020-02-18 06:25:58'),(97,25,12,'Ut eius et ea ea consequuntur distinctio. Dolorum illum vel architecto nobis ullam. Accusamus nihil nostrum perferendis iusto ab. Voluptatum adipisci quaerat praesentium qui. Iure voluptas voluptatem quas enim.',1,0,'2020-04-22 09:47:43'),(98,85,87,'Fugit porro minima et delectus ratione voluptatem. Quo quia tempora ipsam perferendis dolores. Ipsa dignissimos dicta sed et facere illum. Qui aut tempore incidunt velit id dolor minima.',0,1,'2020-03-15 09:41:47'),(99,82,47,'Animi laudantium quas facere. Facere est nobis fuga consectetur voluptate beatae eveniet iusto. Minus a ut qui quia laborum officia rerum id.',1,0,'2020-04-06 03:27:52'),(100,90,7,'Qui voluptatem repellendus veniam reprehenderit rerum nemo aut. Ea nemo quia nostrum praesentium explicabo. Nisi enim et aut praesentium.',1,1,'2020-02-22 21:16:10'),(101,63,94,'Nihil corrupti in repudiandae nesciunt. Doloremque dolores nostrum sequi vero. Iste ab ut velit molestiae enim. Rem dolore eligendi error quasi dolor consectetur.',1,1,'2020-05-13 07:27:14'),(102,80,18,'Commodi temporibus corporis voluptatibus incidunt quia ipsum omnis occaecati. Veritatis provident laboriosam ipsa quidem earum architecto in. Temporibus assumenda sed corporis omnis consequatur.',1,1,'2020-09-14 12:47:45'),(103,52,2,'Ut cupiditate minus sit dolor. Ea ut sed quia quis a. Eos harum autem eum in qui dolor. Porro sit tempore expedita ea et aut.',1,1,'2020-03-17 13:25:13'),(104,54,64,'In ad assumenda sint qui. Deserunt dolor in consequuntur quasi odio nostrum. Et perferendis blanditiis quia ea repudiandae ratione vel.',1,0,'2020-08-04 16:02:59'),(105,58,99,'Consequatur culpa dolores quasi consectetur sit voluptatem ex vitae. Libero odit est ullam delectus eveniet cum veritatis. Vel ad et dolor ut commodi exercitationem sint quisquam. Nihil sapiente quia eius qui.',1,1,'2020-09-15 19:41:55'),(106,20,2,'Corporis et vero voluptas aut. Velit sapiente recusandae quod dolore aut earum. Non ipsum asperiores laborum similique praesentium. Quis libero earum nostrum corrupti ratione et consectetur.',0,0,'2020-09-11 04:42:09'),(107,50,42,'Rerum sit soluta eveniet rerum iste aperiam. Odio earum dolores eum cupiditate. Excepturi quidem nihil eum eligendi architecto.',1,0,'2020-06-27 05:16:19'),(108,60,74,'Aperiam quod voluptatem non quam nostrum odio. Quibusdam amet est rerum et quia quia. Vel quia culpa culpa ut quis et qui ad.',0,1,'2020-07-15 02:05:25'),(109,89,23,'Rerum rerum quod dolore quaerat magnam atque. Aliquid eius qui distinctio enim vitae quia vel est. Saepe earum est explicabo labore. Ducimus modi exercitationem est est cum ea.',1,0,'2020-02-26 21:02:21'),(110,48,68,'Recusandae voluptate excepturi ipsa. Unde labore praesentium possimus provident et aut aut. Ut ducimus consequuntur dolorem suscipit beatae dolores ipsum. Rerum voluptas ducimus aut quia voluptatibus.',0,0,'2020-03-10 07:43:05'),(111,97,82,'Eveniet reiciendis distinctio totam sed quos. Facere quibusdam ad quae nam voluptas dolor voluptate. Laboriosam beatae enim ut et libero neque omnis.',0,1,'2020-10-04 10:36:51'),(112,20,50,'Qui quis corporis voluptatem quos pariatur quae. Hic hic quisquam sed quam placeat. Mollitia aut aliquam et unde. Nobis quia omnis autem aut odio aliquam.',1,1,'2020-10-31 09:47:20'),(113,89,97,'Rerum magni ex ducimus omnis vel aliquid dolores enim. Iure reiciendis consequatur impedit explicabo magni ratione quibusdam.',1,0,'2020-11-04 18:28:36'),(114,18,98,'Autem culpa impedit vero velit eos sit dolore. Quibusdam libero nisi fugiat neque. Quo cum dignissimos accusamus velit eos. Nostrum enim corrupti voluptatem doloribus.',1,0,'2020-08-11 20:06:50'),(115,37,88,'Iure officiis error nemo maxime. Numquam quis corrupti sed. Atque consequatur enim itaque nemo culpa a est sunt.',0,1,'2020-02-18 01:45:45'),(116,30,86,'Eius nostrum aut possimus voluptate totam. Ratione exercitationem est consequuntur repudiandae facere. Harum consectetur autem sed placeat et quia.',0,1,'2020-05-09 07:19:38'),(117,39,38,'Et eveniet dolor quas saepe totam dolores et. Atque possimus aut illum enim dolores. Optio rerum veritatis et eveniet ad.',1,1,'2020-07-23 17:20:36'),(118,73,49,'Sed blanditiis facere tempore sunt. Consequatur similique quis quia laboriosam illum necessitatibus alias. Qui in quia non enim vero id rem. Cum iusto odio et quibusdam et. Repudiandae sequi aut ipsam unde et non.',1,1,'2021-01-13 07:20:49'),(119,25,80,'Fugit consectetur odit sint ipsam. Voluptatem ea quisquam a ipsa praesentium. Sapiente animi quas libero dolorem. Dolorum dolor at consequuntur quia.',0,1,'2020-04-14 00:48:46'),(120,21,67,'Voluptate earum exercitationem vitae nesciunt. Fugit ullam est ullam ipsum officia amet quod. Eos provident illum hic repellat placeat quod accusamus. Sequi aperiam et est aut asperiores nesciunt voluptas necessitatibus.',1,0,'2020-03-05 21:32:13'),(121,70,50,'Explicabo cumque iure ipsa nihil voluptatum quidem. Omnis quia animi eligendi vitae reiciendis animi. Quos ut modi nostrum cupiditate consequatur facilis at.',0,0,'2021-01-10 13:51:22'),(122,39,43,'Aut vel consequatur ipsa exercitationem fugiat debitis totam. Ut temporibus debitis illum delectus debitis et voluptate adipisci. Fuga rerum aut quasi ipsum architecto dolores autem blanditiis.',0,1,'2021-01-13 20:17:29'),(123,97,56,'Odit eaque adipisci dolorum veniam accusamus corrupti voluptas. Ratione consequuntur magni atque. Blanditiis et earum libero.',0,1,'2020-06-27 12:48:06'),(124,90,80,'Maxime harum necessitatibus similique reprehenderit. Aperiam et ipsam laborum laudantium. Voluptatem eveniet optio aut corrupti qui.',0,0,'2020-09-19 12:50:51'),(125,29,6,'Voluptas placeat sed nihil saepe id illum unde. Minus quo ut voluptas excepturi excepturi ab. Minus exercitationem neque et et enim autem tenetur. Iusto et ex quaerat dolor. Soluta non blanditiis magnam id ut.',1,0,'2020-11-08 07:44:26'),(126,41,87,'Quia modi maxime aspernatur est error corporis. Corrupti laboriosam ab aut. Hic occaecati vero aut sit quo dicta autem.',0,1,'2020-06-15 21:06:26'),(127,11,95,'Debitis ut culpa iusto distinctio. Beatae voluptatem temporibus consequuntur velit. Iure modi magni nulla est ad et cumque.',0,0,'2020-04-12 01:20:26'),(128,42,22,'Assumenda at architecto voluptas. Asperiores et occaecati dicta praesentium sint et.',0,0,'2020-10-08 18:08:14'),(129,85,59,'Atque ad culpa dicta quo. Dolor dicta provident quibusdam iure veniam rerum aperiam. Culpa iure omnis saepe. Rerum quo nam voluptatem consequatur saepe.',1,1,'2020-10-30 12:07:18'),(130,37,9,'Velit occaecati soluta quaerat assumenda est neque. Ducimus suscipit nihil dignissimos odio. Iusto est consequatur officiis sed sequi perferendis aut sunt. Quis aperiam laboriosam aut laboriosam quidem eos quidem.',0,0,'2020-08-12 16:02:05'),(131,35,45,'Et in totam vel amet adipisci. Fugit in nisi consequatur ratione aut autem sunt iste. Qui animi dolor quam necessitatibus nesciunt fugiat. Ad corrupti vero error ipsa inventore dolores veritatis ullam.',0,0,'2020-10-14 03:38:57'),(132,21,71,'Impedit minus expedita rerum. Laborum recusandae iure et quisquam saepe. Qui nemo recusandae quibusdam similique aliquid aliquam deleniti voluptas. Vel assumenda ratione nostrum dolore culpa exercitationem.',0,0,'2020-08-28 05:07:10'),(133,90,35,'Voluptas velit perferendis deleniti excepturi. Odio porro quas voluptatem voluptatem. Molestiae sed expedita quis nemo optio modi explicabo.',0,1,'2020-09-09 20:50:31'),(134,4,14,'Dolorum sed ipsam quo qui sit perspiciatis. Sint sed nostrum sint aliquam amet et. Odit nostrum et reiciendis magni. Perspiciatis voluptatem unde id occaecati.',1,0,'2020-11-28 20:59:57'),(135,57,44,'Illo corporis soluta odio voluptatum. Doloribus cupiditate autem similique commodi aut vel dicta repellendus. Aut omnis qui optio eligendi. Ut minus nemo odio fugit. Tempora repellendus qui incidunt quia.',1,0,'2020-06-27 17:58:18'),(136,48,9,'Autem nemo itaque in velit a. Molestias id veritatis vero nam repellendus facilis ratione. Animi necessitatibus est sint quam corporis at.',1,0,'2020-11-24 01:12:17'),(137,1,79,'Ea et quidem consequuntur enim culpa enim vero. Sit quia eum enim delectus iure repellat. Eos sapiente aut autem dicta maiores.',1,0,'2020-04-10 21:57:20'),(138,88,3,'Non voluptate est ducimus. Odio omnis in assumenda asperiores adipisci minima dolores. Quis asperiores magni non quibusdam.',1,0,'2020-10-30 15:35:55'),(139,50,41,'Ipsum expedita autem enim vitae. Velit sed laudantium earum odio rerum. Et consequuntur eius tenetur tempore iusto.',1,1,'2020-10-24 00:15:31'),(140,55,51,'Voluptates mollitia et deserunt magni quae. Deleniti dolores in id quas accusantium molestiae minus voluptatum. In sint iusto omnis quas.',0,0,'2021-01-06 02:13:03'),(141,92,4,'Quisquam veritatis fuga et. Nihil quos ab dolores nobis. Qui ut fugiat molestiae delectus quas vero.',0,1,'2020-06-21 09:01:13'),(142,43,2,'Veritatis ut dolores doloribus nulla et quia in. Aut explicabo quae corporis sint. Iste libero in molestias amet aut fuga.',1,1,'2020-09-25 17:48:56'),(143,83,6,'Accusamus rem at facere labore earum aut. Numquam deserunt vitae eligendi. Enim labore nesciunt qui ipsam iusto eligendi consequatur.',1,0,'2020-04-04 11:53:03'),(144,81,86,'Repellat qui rerum explicabo aut. Aperiam eaque dignissimos veritatis non illo unde est consequatur. Animi repellat et non porro sint molestiae. Ut velit natus sed soluta qui.',1,0,'2020-06-30 02:00:01'),(145,87,78,'Cum omnis et rem accusamus cum quia sequi. Id perferendis vero modi et assumenda dignissimos tempore. Qui ut totam quisquam voluptatem fugit ipsam. Magni repudiandae id rerum quia ducimus et.',1,0,'2020-03-21 15:18:45'),(146,26,96,'Nesciunt vero iste libero eius. Dolor voluptates magni nemo possimus. Necessitatibus quos laudantium dolores ad ut et.',0,1,'2020-03-09 13:25:13'),(147,2,20,'Fugit quia nihil esse ab. Consequatur ullam fugiat est aut in excepturi facere. Totam eos sequi est placeat deserunt accusamus consequatur. Deserunt qui nostrum doloremque in animi.',1,0,'2021-01-25 06:24:59'),(148,93,3,'Omnis exercitationem voluptas iusto autem quod pariatur. Quibusdam voluptate et molestiae qui quae. Adipisci fuga temporibus repudiandae sit qui exercitationem.',0,1,'2020-12-16 12:43:04'),(149,39,85,'Et magnam recusandae dolores unde architecto. Exercitationem sed velit id suscipit libero. In expedita quidem et. Sint non ea aspernatur iure velit blanditiis.',1,0,'2020-10-14 23:04:26'),(150,9,87,'Aliquid quo maiores nostrum dolores. Adipisci non voluptatem atque veritatis. Nisi est laudantium ullam quia qui fuga.',1,1,'2020-03-06 01:40:35'),(151,9,82,'Soluta numquam est et voluptatem odio est reprehenderit. Adipisci voluptatem excepturi eos amet eaque. Odit ut deleniti animi. Explicabo rerum voluptatem inventore animi.',1,0,'2020-04-12 17:46:02'),(152,83,68,'Repudiandae ipsum deserunt ipsa aspernatur qui deleniti. Temporibus quia esse at id culpa. Et laborum fugit provident sed libero quis.',1,0,'2020-11-03 00:36:44'),(153,89,41,'Mollitia velit maiores laboriosam beatae. Fugit et consequatur quibusdam deserunt expedita ipsum numquam aliquam. Esse labore dolor assumenda officiis. Laudantium velit ut impedit ullam velit delectus.',1,0,'2020-07-31 20:16:07'),(154,38,67,'Iusto reprehenderit qui culpa quis. Magnam pariatur voluptas ex eveniet ut saepe quam doloribus. Beatae impedit distinctio nihil magni aliquam quam nobis.',0,1,'2020-08-15 10:55:43'),(155,19,96,'Inventore fuga incidunt modi rerum ducimus eligendi. Quasi necessitatibus porro enim dolorem. Illum illum earum et. Molestiae et dolor dolores tenetur et.',0,1,'2021-01-30 23:03:34'),(156,21,18,'Qui odio et aut quis. Et exercitationem officiis ipsam rerum. In aut sed atque voluptas aut sint eaque.',0,1,'2020-12-26 16:15:29'),(157,24,65,'Exercitationem qui quae beatae dolores eius. Quia eligendi non odio magni sunt ut. Perferendis doloremque sunt debitis inventore sed consequatur.',0,1,'2021-01-28 04:50:35'),(158,52,64,'Odit aut dicta iure quis ratione. Aspernatur repellendus accusantium ut alias vero ullam. Consequatur natus itaque qui voluptatem.',0,1,'2020-11-24 22:13:25'),(159,64,29,'Odit qui esse dolorum consequuntur molestiae consequuntur cum. Aut nihil cumque ut et qui. Similique placeat sed officia nam nihil et blanditiis ad.',1,1,'2020-06-19 13:17:22'),(160,50,63,'Aliquid suscipit dignissimos aspernatur eos natus laboriosam sit. Eligendi reiciendis sed quo vero harum quas impedit. Nemo vitae aut porro neque. Dignissimos consequatur ratione officia et quis doloremque laudantium.',1,0,'2020-03-31 20:06:47'),(161,65,34,'Rerum et in nisi. Consequatur est velit similique eaque voluptates. Numquam aut iusto eligendi voluptatem.',0,1,'2020-04-02 18:02:58'),(162,76,77,'Et nemo tempore eum. Blanditiis ea ratione beatae similique consequatur. Id tenetur dolor nihil.',1,1,'2020-05-28 21:44:13'),(163,58,56,'Non sunt omnis ut omnis earum. Distinctio deleniti illo minima illo sapiente veritatis. Officia nam dolores nemo iusto fuga.',0,1,'2020-11-26 00:26:12'),(164,5,59,'Deserunt laboriosam voluptatem est aut officiis sit. Amet eum aspernatur a accusamus asperiores aut.',0,1,'2020-09-26 19:47:48'),(165,78,11,'Suscipit commodi ut et nesciunt atque aut cum beatae. Voluptatibus autem hic qui illo. Consequatur aut unde libero nam et expedita.',0,0,'2020-12-08 20:05:37'),(166,23,79,'Molestias deleniti molestiae delectus et. Aliquam est ipsam itaque qui. Ut voluptas iure ipsa nostrum excepturi fuga ut iste.',1,1,'2020-07-05 06:30:57'),(167,29,4,'Omnis aut doloribus qui rem earum placeat suscipit. Molestiae itaque maiores ut ullam rerum voluptatem. Odit ad impedit voluptas iusto excepturi eum.',1,1,'2020-03-05 14:55:08'),(168,34,56,'Eos assumenda quo in sapiente dignissimos in sunt. At accusantium quasi consequuntur nulla excepturi fugit. Non quo minima ipsa iusto. Possimus placeat debitis pariatur.',0,0,'2020-10-23 09:52:04'),(169,79,25,'Incidunt placeat vero eius et nam. Omnis praesentium commodi reiciendis et voluptas sit. Sint beatae eaque ut omnis ad numquam sint. Consequatur exercitationem ea dolor.',1,1,'2020-10-03 01:54:01'),(170,87,61,'Culpa minus quis incidunt aliquam. Officia dolorem accusantium adipisci ex vitae voluptas amet. Sit provident ducimus quo et quam. Minima itaque aperiam rem suscipit dolorem vel id. Perferendis labore officiis voluptatem perspiciatis et iure tenetur molestiae.',1,0,'2020-05-17 00:47:09'),(171,43,31,'Ut sit sequi ea dolore. Qui quos sed voluptate omnis officia error aliquid. Ut rerum ullam maiores qui. Recusandae repudiandae quos et sunt vero laborum quos voluptates.',1,1,'2021-01-17 10:03:20'),(172,28,44,'Culpa sunt sapiente velit sapiente quisquam. Officiis culpa minima non voluptas est itaque id. Nobis dicta occaecati numquam voluptatem culpa et.',1,1,'2020-08-21 16:30:35'),(173,38,57,'Sunt doloribus perspiciatis in. Qui laudantium ex molestiae placeat rerum. Quas esse impedit totam tempora. Nisi inventore quod itaque cupiditate. Earum ut quod voluptatibus atque cumque.',0,1,'2020-03-12 10:04:44'),(174,72,85,'Ea aliquid voluptas dolorum est non dignissimos accusantium. Ut ut ea asperiores laborum. Eos deleniti quasi sed.',0,1,'2020-04-06 02:41:43'),(175,11,98,'Facilis consectetur reiciendis porro expedita. Aut nisi blanditiis cum. Aut in ut doloremque eaque quam. Impedit voluptate et pariatur rerum.',1,1,'2020-10-28 13:54:09'),(176,56,88,'Eum et sint est voluptatem voluptas quia. Sit expedita occaecati distinctio placeat. Veritatis incidunt et molestiae ad. Voluptatem fugit incidunt aut facere atque qui ex vel.',0,0,'2020-11-24 12:32:30'),(177,69,81,'Quam dolor possimus eos quae. Perspiciatis et unde iste temporibus ut ducimus delectus. Enim accusantium hic asperiores molestiae rerum et quos.',1,0,'2020-09-08 20:00:26'),(178,97,43,'Laborum et est earum placeat aperiam. Voluptatem molestiae doloribus soluta ut quis qui. Ut dolor ut iure nisi magnam saepe minima laudantium.',0,0,'2020-11-01 00:55:20'),(179,21,78,'Magnam ea hic vitae sapiente quam et. Ratione eius vero est tempore. Excepturi dolores commodi possimus officiis voluptatem.',0,0,'2020-07-17 09:39:36'),(180,24,85,'Consequuntur dolores modi hic ipsum qui accusantium. Laudantium aliquid et voluptatum facere. Sed omnis adipisci molestiae et fugiat labore corporis. Ipsa eius eum aut natus magnam unde pariatur.',0,1,'2020-04-03 21:14:52'),(181,53,12,'Ut iste aut et sed inventore explicabo. Voluptas ut hic voluptas voluptates. Architecto quos qui minus enim quidem. Nobis sed quae ut cum eos.',1,0,'2020-05-30 08:03:26'),(182,99,59,'Accusantium eum quasi adipisci unde. Doloremque suscipit repellendus aut corporis. Perspiciatis quibusdam perferendis beatae quidem.',0,1,'2020-06-21 09:26:49'),(183,97,10,'Et saepe molestiae non hic. Et totam enim nobis. Tempora sint laudantium pariatur dolore dolor.',0,1,'2020-03-08 22:03:06'),(184,56,50,'Nam quos amet consequatur atque quia quas. Vitae vitae animi iusto. Qui nisi ipsum voluptas ea et nisi.',1,1,'2020-07-25 06:12:20'),(185,80,49,'Molestiae necessitatibus in error magnam consequuntur saepe ut. Voluptatem laudantium non ipsam ut numquam doloribus. Numquam quaerat et officiis facilis aut quo qui.',0,1,'2020-08-11 20:59:18'),(186,7,86,'Aut a consequuntur modi autem. Rerum ullam quia sint ducimus praesentium. Nemo aliquam quia tenetur voluptates mollitia inventore quisquam. Sit consequatur dolorem ut qui.',0,1,'2020-12-25 12:44:11'),(187,10,92,'Vel consectetur consectetur sequi ab repudiandae nesciunt facere. Possimus incidunt ex et eum necessitatibus qui distinctio quae. Accusantium expedita molestiae qui atque sit.',1,1,'2021-01-26 06:40:31'),(188,30,73,'Enim quae asperiores repudiandae aspernatur et. Commodi neque saepe error. Et earum suscipit cupiditate quo eius quo fugiat. Et nostrum rerum magni doloremque qui est vel.',1,0,'2021-01-30 07:36:16'),(189,76,61,'Suscipit culpa perspiciatis accusamus eligendi et ipsa. Similique quia exercitationem occaecati quae aut quisquam enim est. Rerum quo molestias autem temporibus sequi quo ea.',0,0,'2020-05-03 08:25:27'),(190,73,85,'Corporis qui dolor omnis. Quis repellendus maiores unde. Illum omnis quaerat in eos architecto quos ipsam dolorem. Dolorem dolorum dolor architecto quia unde.',1,0,'2020-03-21 10:23:24'),(191,2,56,'Sequi et ut consequuntur libero temporibus. Quae in rerum quis voluptatem in quia sunt. Exercitationem assumenda consequatur est omnis.',1,0,'2021-01-24 10:19:23'),(192,75,7,'Quaerat molestiae odio voluptates eius neque. Ut cumque qui nihil inventore tempora deleniti et. Dicta architecto eum adipisci voluptatem ut explicabo. Et quaerat ex ullam consequatur ratione. Incidunt sunt hic est incidunt perspiciatis facere.',1,1,'2020-03-16 15:56:53'),(193,7,15,'Cupiditate est voluptas dolore facere eum ullam iure. Qui incidunt quia facere. Quod impedit ut alias molestias officiis. Autem non nam sed est quia aut corporis.',1,1,'2020-08-31 23:50:03'),(194,55,27,'Ducimus velit et nisi hic in omnis. Recusandae voluptatem hic non laudantium hic provident minima. Corrupti enim autem in voluptas non non est qui.',0,1,'2020-02-23 22:35:37'),(195,68,61,'Pariatur modi omnis occaecati quia enim. Adipisci suscipit quidem ipsum incidunt placeat eius suscipit mollitia. Magnam dolorem et in velit quasi molestiae occaecati. Eos magni labore aliquid labore itaque et eos sit.',1,0,'2020-06-09 21:53:23'),(196,100,16,'Mollitia earum ut fugiat ut quibusdam rerum. Voluptatibus quia corporis consectetur. Ex minus veniam quia.',0,0,'2020-04-18 20:12:33'),(197,78,42,'Molestiae doloremque omnis earum iste modi numquam. Dolor perferendis in tenetur recusandae deserunt. Labore iste dolorem amet cum sed nobis sapiente. Quos dolores debitis porro distinctio eveniet doloribus inventore.',1,0,'2020-05-22 10:36:01'),(198,75,50,'Consequuntur sapiente aut ea libero dicta eligendi. Omnis eos quia eum asperiores et eos et. Eos sed accusamus ut numquam.',1,0,'2020-05-31 23:07:31'),(199,26,78,'Suscipit nemo praesentium animi temporibus reprehenderit illum mollitia. Labore facere laborum et consectetur sit.',0,0,'2020-03-17 19:56:40'),(200,10,18,'Voluptatem quos itaque et et ratione. Aliquid enim repudiandae quia ut ipsa. Est alias ipsa dignissimos fugit. Rerum quae est asperiores.',1,1,'2020-06-06 17:04:55'),(201,59,41,'Provident animi rem quisquam sed nisi dignissimos. Atque et deserunt minima aut necessitatibus et. Quas ratione tenetur porro.',0,1,'2020-09-27 09:45:24'),(202,26,8,'Voluptatem libero maiores minima et mollitia ut. Consectetur id ut in in animi. Est fugiat ab ex deleniti dolor modi.',0,0,'2020-05-10 12:27:39'),(203,62,86,'Consequatur sapiente iure expedita voluptatem vel voluptatibus quod eius. Id hic placeat minus et aperiam. Quasi laboriosam recusandae ipsa mollitia nihil. Sed dolorem et minus distinctio consequatur excepturi voluptatem. Asperiores ipsam neque rem corrupti consequuntur tempora animi.',0,0,'2020-08-29 19:58:43'),(204,44,59,'Quae inventore est quis veritatis. Dicta et esse qui nemo quisquam iusto omnis. Illo rerum libero maxime quae et explicabo cumque quis. Enim nihil et nostrum error.',0,0,'2020-10-02 03:23:23'),(205,62,33,'Sed maiores architecto culpa est et et. Commodi cumque provident quo illum exercitationem a deleniti. Molestiae minima et explicabo sit.',0,1,'2020-09-15 00:57:54'),(206,79,94,'Id aut assumenda sint et at numquam accusantium. Quae aut nihil ab delectus mollitia. Expedita odio soluta consequatur praesentium. Impedit sit qui explicabo.',0,1,'2021-01-15 11:42:39'),(207,33,84,'Ipsam qui repellendus ducimus doloribus fugiat. Temporibus commodi maxime illo est illo culpa dolorum. Autem minima nemo facere consequatur. Asperiores sapiente aperiam corrupti natus.',1,1,'2020-06-26 12:32:23'),(208,19,44,'Autem numquam quae similique consectetur dolor quo. Est earum architecto nihil iure aut omnis. Dolore in ex modi sunt praesentium atque quaerat.',1,0,'2020-04-28 13:08:30'),(209,61,74,'Quo illum libero non repellendus vel. Perferendis enim illum consequatur sint deleniti.',1,1,'2020-09-02 02:24:11'),(210,87,10,'Voluptas laborum hic nemo nisi ut aut illum. Pariatur in recusandae debitis hic minima voluptatum. Praesentium quas nisi voluptates qui. Sunt eius dolorem nemo id nesciunt.',0,1,'2020-07-05 06:21:50'),(211,88,11,'Quo quia dignissimos dolor est optio sapiente sapiente. Dolor ut quia omnis molestiae consequatur soluta. Sit animi soluta in saepe eaque voluptatem. Aut fugiat quibusdam esse voluptate rerum non totam.',0,0,'2021-02-08 15:14:07'),(212,92,24,'Dolorum porro possimus et corporis et consectetur aliquam voluptatem. Vero incidunt ut quia. Quo et velit eaque eligendi.',0,1,'2020-04-02 05:00:13'),(213,46,58,'Nulla iste cupiditate at. Maiores corporis praesentium voluptatem. Possimus laborum autem alias veritatis architecto.',1,1,'2020-12-26 09:54:07'),(214,51,81,'Voluptatem dolorum quo esse commodi. Odio sit quod delectus. Qui nemo reprehenderit quia voluptatem eos. Id veritatis dolorem enim enim quis aperiam.',1,0,'2020-05-22 13:29:07'),(215,53,20,'Nam ipsam sit qui et ratione. Quasi fugiat perferendis dolorem dicta consectetur ut. Voluptatem exercitationem et eum iure id eos eos.',1,1,'2020-06-20 15:59:58'),(216,39,34,'Quia aut odio non placeat sit nostrum et. Velit doloribus excepturi qui voluptas tempore. Voluptas quia aut ullam et in ipsum incidunt qui.',1,0,'2020-06-28 03:36:50'),(217,52,59,'Voluptatum eveniet minima quos ipsum ipsa quas dolor. Voluptate quod et et ut quos. Magnam non tempore qui rerum minima porro. Repudiandae et saepe numquam ex laborum maxime perspiciatis ad.',0,0,'2020-07-07 01:32:08'),(218,39,18,'Enim ducimus fuga vero sunt voluptatem. Minus sed ut voluptate ipsam. Accusantium facilis ut non at. Nam culpa voluptatem accusamus iste incidunt quae.',1,1,'2020-05-30 21:49:11'),(219,71,2,'Animi consequuntur nihil temporibus repudiandae. Eaque numquam eligendi qui. Odit sequi nam et magni et architecto earum quis. Est quos temporibus magni sed cum. Natus minima ad vero nesciunt cumque exercitationem veniam.',1,0,'2020-03-31 06:57:05'),(220,95,71,'Voluptatem laboriosam placeat iste iusto numquam exercitationem qui. Molestiae deserunt minima et ut praesentium et porro. Dignissimos molestias architecto magni rem numquam qui. Odit doloribus repellat facilis voluptas aut dolores.',1,0,'2020-10-26 07:56:11'),(221,67,21,'Aliquam quidem numquam iure porro vel culpa quod et. Delectus fugit magni ut repellendus nemo. Distinctio omnis voluptas quasi quae. Omnis accusamus quia quia voluptas recusandae voluptates illum.',0,0,'2020-07-18 04:04:26'),(222,6,67,'Quaerat dicta rem vitae perspiciatis dolore et. Natus omnis provident sed ut deserunt aut. Eum nemo rerum ratione cupiditate voluptas quaerat porro. Placeat aut tempore magnam eveniet dolor et qui. Debitis libero aut architecto beatae quia.',1,0,'2020-09-05 16:19:05'),(223,16,79,'Omnis dolores qui aliquid fuga ab. Dolorum odit veritatis maiores asperiores nemo voluptas. Voluptas sed quo quaerat.',1,0,'2020-09-01 07:39:55'),(224,47,97,'Earum praesentium eum impedit et quia. Perspiciatis aut corrupti vel quod aut officia. Modi eius recusandae ratione ea sint. Rerum provident saepe cupiditate sunt praesentium repellat.',1,1,'2020-06-26 10:09:58'),(225,44,29,'Molestias nesciunt reprehenderit et maxime quo assumenda. Iste est voluptas quos et sed dolorum. Voluptate nisi eveniet voluptas. Magnam odit provident id sequi cupiditate.',1,1,'2020-12-16 18:04:54'),(226,11,70,'Optio officia dolor totam hic laboriosam nisi. Perspiciatis fuga et consequatur aut. Ipsam debitis nulla molestias aut. Hic cum adipisci accusamus qui.',0,0,'2020-12-16 06:00:12'),(227,16,68,'Earum doloremque porro tenetur et reprehenderit cum qui. Ex veniam commodi adipisci molestias molestiae alias sequi. Sit sit odit cupiditate et.',1,1,'2020-05-02 23:56:09'),(228,93,62,'Harum pariatur corporis dolor minima esse. Delectus doloremque sed rerum nihil eum. Necessitatibus aut et sint ipsa et et autem est. Minus ducimus voluptates porro quaerat et.',0,0,'2020-12-21 00:11:24'),(229,28,54,'Et maxime ipsam veniam eum corporis. Libero dolorem rerum blanditiis. Dolores explicabo maxime ea tempore dolore officiis.',0,0,'2020-11-14 02:01:07'),(230,85,62,'Magnam harum libero maiores labore qui. Sit quaerat qui perferendis. Architecto id voluptas esse nisi sed et.',1,0,'2020-04-08 01:01:41'),(231,56,92,'Sunt laboriosam est nihil in pariatur ut dolorem et. Minus magni veritatis expedita et dolore porro dolor. Reprehenderit provident dicta quia exercitationem voluptas.',1,1,'2021-01-28 08:21:27'),(232,93,87,'Qui et minima ab accusantium vel. Pariatur illo et et rerum autem distinctio. Nihil est explicabo dolorum corporis. Id optio repellendus eum laboriosam ab.',0,1,'2020-08-22 23:48:59'),(233,58,27,'Nisi totam dolor et. Atque ipsum omnis quaerat numquam eum delectus. Sed nihil nam dolore. Et quis necessitatibus mollitia harum accusamus recusandae. Dolore rem et nesciunt.',1,0,'2020-07-19 05:12:38'),(234,60,21,'Quaerat modi sit minima. Sequi cum earum adipisci laborum optio ad sed et. Minus deserunt reiciendis et. Aliquid enim odit amet aut ut laboriosam aut id. Et id id voluptas.',0,1,'2020-09-30 22:04:55'),(235,22,48,'At eligendi similique et blanditiis maxime veritatis non est. Doloremque temporibus quod nostrum quaerat consequatur. Sunt aperiam modi porro autem.',1,1,'2020-05-12 06:50:00'),(236,72,16,'Asperiores non qui sapiente eum odit. Et accusantium excepturi neque aliquid adipisci nulla possimus repellat. Veritatis repellat officia molestiae sed. Molestias et modi dolor aut doloribus.',1,0,'2020-04-09 03:30:42'),(237,63,66,'Sint perspiciatis accusamus cupiditate. Dolores quae dolor repellendus facere odio totam officia veritatis. Aut ut in voluptate commodi mollitia doloribus nihil dolore. Rerum facilis amet voluptatem eos asperiores dolorum.',1,0,'2020-11-26 09:50:06'),(238,43,15,'Quidem voluptas quibusdam ipsam dicta repellendus odit. Sit et iusto et illum mollitia dolorem. Deserunt qui dolor consectetur quae.',0,0,'2020-09-20 12:25:18'),(239,45,78,'Voluptatem officiis saepe ab et natus exercitationem. Facilis harum odio laudantium voluptas voluptas minus. Sint totam molestiae quod et nihil itaque in. Commodi autem rerum dolores aut sed.',1,1,'2020-10-21 05:01:19'),(240,57,51,'Fugit molestias velit numquam. Saepe ratione accusamus rerum quo dolore enim. Quia velit ut quidem libero minima nam. Soluta voluptatem et quidem blanditiis quisquam. Voluptates laborum itaque voluptas et.',1,0,'2020-06-20 23:31:51'),(241,83,62,'Aut et excepturi dolor quia eum ex assumenda. Laboriosam perspiciatis veniam dolorum non blanditiis. Repellat temporibus iure sit eveniet enim magni dolore. Rerum ut sint voluptates nulla quis.',0,0,'2020-11-08 23:19:00'),(242,60,12,'Fugit consequatur ab veniam et est non aut quo. Repellat optio iusto autem ut. Distinctio maxime quaerat facere aliquam excepturi. Cumque est explicabo doloribus illum et.',1,1,'2020-09-09 04:13:00'),(243,80,65,'Id consequatur distinctio architecto. Numquam ex est magnam modi id minus ut. Sit ad omnis perspiciatis beatae velit. Quasi veritatis hic explicabo earum.',1,1,'2020-11-25 04:03:05'),(244,84,24,'Tempora eum aliquam possimus doloremque odit dignissimos. Sunt repellat velit et sint eos. Cupiditate molestias autem ratione commodi qui consequuntur ratione. Et itaque fugit aut est labore tempore quis.',0,0,'2020-12-06 23:43:38'),(245,69,71,'Omnis est ut repellendus ex. Optio magni aliquam in voluptas sint mollitia. Perferendis earum quidem quia ut. Delectus voluptates accusantium excepturi architecto corrupti quas odio. Officia molestias rerum minima veritatis recusandae facere a.',1,1,'2020-04-08 19:53:04'),(246,48,27,'Et quae cupiditate iste optio reiciendis ad quia. Aut quidem sit sequi. Perspiciatis veniam voluptas cum cum neque inventore quo quia. Asperiores et vel odit facilis delectus.',1,0,'2021-01-14 16:02:51'),(247,92,77,'Aut consequuntur quia aliquid eveniet facilis odit sed. Qui autem molestiae et et. Asperiores et dolores ab sit fugiat reprehenderit odit. Sit fugit sit sit consequuntur consequatur debitis tempore.',0,0,'2020-12-31 16:18:38'),(248,7,5,'Occaecati ratione excepturi ut corrupti recusandae numquam asperiores dolores. Ut voluptates vero pariatur et esse fuga qui. Ipsam tempore iste excepturi repellendus adipisci earum mollitia repellendus. Rerum dolorum reiciendis beatae.',1,1,'2020-12-01 17:54:03'),(249,2,94,'Mollitia cum harum minus qui quas aut. Accusantium perspiciatis et officiis. Iure aperiam est et molestiae sit repellendus rerum. Doloremque debitis eos enim labore.',1,1,'2021-01-07 06:26:57'),(250,63,35,'Voluptas quaerat nemo aliquam possimus minus. Tempora beatae totam enim nam. Vel distinctio ut et ut nihil.',0,1,'2020-04-06 06:15:01'),(251,86,25,'Temporibus asperiores veritatis voluptas provident. Perferendis eveniet dicta consequatur ducimus odit dignissimos quasi. Excepturi quia beatae dolor eveniet repellat voluptatibus laboriosam. Aut iusto nostrum libero officiis.',1,1,'2020-04-16 00:59:11'),(252,66,54,'Ducimus consectetur architecto possimus laborum voluptatum quas. Quis explicabo assumenda voluptas eius dicta excepturi repudiandae. Ut et minima quam illo itaque voluptas.',0,1,'2020-07-30 19:27:14'),(253,71,95,'Fugiat veniam quae est voluptatum. Qui ex sequi et impedit nesciunt est. Praesentium corrupti porro iure qui accusamus voluptatem dolores.',1,0,'2020-03-25 03:33:55'),(254,59,10,'Reiciendis enim assumenda possimus illo similique et et. Quas possimus error consequatur neque occaecati. Voluptatem dignissimos odit ut quam.',0,0,'2020-04-04 21:03:29'),(255,73,35,'Ipsam reprehenderit ducimus dolorum. Vel dolores autem adipisci sit. Reprehenderit aut exercitationem nulla vel odio.',0,0,'2020-04-09 13:29:03'),(256,54,64,'Omnis vitae nam consequatur velit voluptatem aut voluptate quia. Accusamus molestiae fugit aliquid odio voluptatum. Provident et porro ad quis dolores delectus. Voluptate vel tenetur quidem et rem.',1,1,'2020-11-17 06:40:27'),(257,57,93,'Ex rem amet voluptatem facere. Ut in ex et est eum adipisci. Accusantium dolorem laborum odio atque occaecati voluptatem ipsum. Inventore non soluta est sed occaecati nam.',0,1,'2020-04-14 22:30:26'),(258,95,97,'Et laboriosam magni illum est quia. Molestiae impedit amet libero quas quia. Laborum veritatis quasi ut impedit provident. Aliquid recusandae cumque recusandae id provident velit.',1,0,'2020-10-06 20:26:46'),(259,96,91,'Eaque consequatur distinctio qui rem ut cum. Atque nemo omnis et exercitationem ducimus sed culpa. Deserunt rem ea cum eveniet qui occaecati.',0,1,'2020-02-29 18:04:38'),(260,67,61,'Commodi velit veniam et sint praesentium. Animi consequuntur voluptatum totam enim.',0,0,'2020-12-05 07:14:16'),(261,3,32,'Et dolor nihil id iste quisquam doloribus quia. Alias enim ut quas adipisci et vel. Doloremque autem voluptatem qui. Sit ratione aperiam quo sed sequi.',1,1,'2021-01-16 09:28:51'),(262,51,60,'Architecto aut quia voluptate. Autem velit ut incidunt corporis eaque. Et est ullam neque aperiam.',0,0,'2020-07-31 19:03:51'),(263,45,46,'Ut cupiditate quasi nobis. Vero libero dignissimos alias expedita illum nemo qui. Officia suscipit ducimus beatae et. Quidem est at ad et. In suscipit aliquid cupiditate sed unde enim ipsa ipsum.',1,0,'2020-09-27 07:04:04'),(264,93,28,'Et saepe perspiciatis et at necessitatibus. Aliquid quasi voluptatum voluptates expedita expedita reprehenderit. Quia ipsa enim aut ab molestiae sed magnam. Tempora repellat aut laudantium explicabo.',1,1,'2020-06-23 01:06:42'),(265,60,16,'Incidunt nemo quo non minima molestiae nemo. Magni dolor nulla sint eum quidem velit. Occaecati veritatis placeat omnis et.',0,0,'2021-01-29 03:50:54'),(266,1,55,'Voluptatem ipsa vero dolorem. Deserunt harum est reprehenderit quia repudiandae in nam. In quis id ratione dolor. Eius dignissimos enim sed doloribus sequi accusamus incidunt quos.',1,0,'2020-10-17 15:58:09'),(267,73,99,'Inventore quia blanditiis impedit voluptatem fuga sit. Consequuntur consequatur excepturi ipsa a accusantium ipsa nesciunt. Ipsa illo recusandae qui aut. Consectetur minima repudiandae amet earum repudiandae.',1,0,'2020-10-22 10:44:16'),(268,76,83,'Veniam similique et non a. Modi beatae nihil repudiandae rerum dolores id. Quia delectus minima labore odio sequi ut velit.',1,0,'2020-03-30 15:16:33'),(269,85,75,'Dolorem quaerat ut voluptas. Iste soluta voluptate veritatis officia ullam consequatur omnis. Quia sed aspernatur sapiente.',1,1,'2020-05-27 21:52:07'),(270,22,83,'Et ullam nisi minus sed cupiditate sed eligendi. Maxime aperiam ea ut quia. Quia fuga voluptates possimus mollitia modi quo dolor illo.',1,1,'2020-09-16 09:14:56'),(271,49,97,'Quia atque illum aut dolor sunt. Voluptatem numquam dolor beatae dicta. Quibusdam ea pariatur minima facilis. Consequatur molestiae aliquid quae facilis dicta labore.',1,1,'2020-07-13 02:27:55'),(272,35,85,'Accusamus molestiae rerum nobis dolorem. Incidunt quam explicabo et dolorem dolorum.',1,0,'2020-07-02 19:45:01'),(273,19,41,'Aperiam quia dolores quia rerum. Ex non quisquam explicabo quo error rerum. Sed repellat adipisci voluptatem eum. Ab rem similique sit soluta.',0,0,'2020-05-22 03:36:15'),(274,48,17,'Excepturi corrupti molestias ut qui eos. Aliquam est dicta possimus provident. Est ut ullam provident velit eum.',0,1,'2021-01-16 12:15:35'),(275,40,47,'Ut numquam maiores alias distinctio quos. Provident fugit qui non voluptate. Aut officiis non omnis. Consequuntur soluta qui dolores et. Id et voluptas non aut.',0,1,'2021-01-07 22:11:21'),(276,16,37,'Laborum nesciunt quaerat sed animi quia. Aliquam repudiandae aut incidunt. Ut sunt dicta quo voluptate quae sed qui.',0,0,'2020-02-17 17:12:28'),(277,39,80,'Et facilis aut ipsum nisi. Optio vel incidunt quis et natus officiis. Cumque quisquam facilis ut officiis qui qui. Ad minus ut nulla officia reprehenderit quia ipsum.',0,0,'2020-05-11 16:35:49'),(278,85,86,'Dolorem eum officiis soluta ab. Delectus asperiores rerum magni reiciendis officiis iste. Totam quibusdam iusto eius eaque perferendis.',0,0,'2021-02-03 04:15:32'),(279,72,2,'Aut quo debitis quo amet occaecati eius. Nam recusandae aspernatur dolor sed. Tempore omnis voluptatem nihil incidunt dolor ipsa. Sit dolore laborum asperiores qui necessitatibus quisquam.',0,1,'2020-05-24 04:18:23'),(280,94,63,'Inventore iure delectus adipisci nulla aut. Sit maxime fuga occaecati quo. A aliquid ipsam voluptates sunt. Sit voluptate et adipisci facere eum asperiores.',0,1,'2021-01-14 05:47:03'),(281,32,70,'Nisi sit accusamus sit voluptatem nostrum fugit tenetur ullam. In maxime placeat quae omnis fugiat unde. Ea quam aut et id.',1,1,'2020-08-26 23:38:59'),(282,55,66,'Consequatur qui non modi dolorem porro. Totam cupiditate quos veniam. Autem omnis minima debitis architecto mollitia quibusdam et. Sequi qui est non voluptates id harum.',1,1,'2020-04-29 19:54:09'),(283,63,15,'Enim fugit consequatur ipsum dolores magni. Ipsum voluptas enim aut. Quis dolore enim asperiores minus facilis mollitia pariatur.',1,1,'2020-04-24 16:53:13'),(284,85,79,'Ratione sit natus quas soluta quis ut cum. Dolorem aut saepe earum libero. Sint quisquam debitis voluptas reiciendis fugit.',1,0,'2021-01-11 19:43:57'),(285,42,73,'Ut omnis facere laborum maxime consequatur modi est. Sint et rerum et autem. Dicta veniam totam et inventore repellat perferendis. Nostrum architecto quo et mollitia et aut. Ut doloribus consectetur velit vel.',0,0,'2020-08-20 12:15:32'),(286,37,68,'Dolore totam consequatur voluptate temporibus. Porro quibusdam ut aut atque enim reprehenderit. Ipsa harum est sit quos delectus. Voluptates accusantium ducimus nihil esse soluta adipisci eligendi.',1,0,'2021-01-21 19:34:47'),(287,25,23,'Expedita ut rerum vero provident qui nisi. Doloribus culpa et voluptas vitae natus quae. Non ut quia ipsa voluptates sed. Quisquam labore facilis vero impedit at.',1,0,'2021-01-01 18:30:51'),(288,40,28,'Velit ipsum ab nisi cupiditate consectetur consequatur. Doloremque facere aut totam deserunt. Quas possimus quasi ratione. In maxime et officia ex doloremque et dolores velit.',0,0,'2020-04-21 07:57:19'),(289,20,17,'Sunt rerum eum voluptatem. Tenetur tempore dolores asperiores quas dolor qui. Voluptatem eligendi voluptas ea aperiam.',1,1,'2021-01-17 16:27:51'),(290,25,72,'Animi ea et aut cupiditate similique doloribus. Qui vel beatae nisi assumenda non accusamus doloremque veritatis. Officiis vel a quas praesentium commodi est. Inventore ea atque et corporis corporis architecto. Asperiores sit et sit sunt blanditiis.',0,0,'2020-11-16 12:17:30'),(291,85,7,'Voluptatem et alias ipsum fugit. Et ab cum quidem perferendis odit. Eum animi nulla adipisci eum omnis sint exercitationem.',1,1,'2020-08-11 21:30:54'),(292,79,75,'Iusto voluptatum natus ipsa. Repudiandae qui explicabo qui aut. Consectetur molestias quidem saepe et facilis aut possimus.',1,1,'2020-07-12 14:44:49'),(293,37,58,'Odio voluptatem et quo aut qui. Laudantium mollitia alias fugiat dolores voluptate.',0,0,'2020-07-12 20:43:11'),(294,80,24,'Quia est perspiciatis aut et. Optio culpa officia hic ut maiores. Cum aspernatur commodi eos laboriosam facere excepturi voluptatibus. Sequi aperiam illum voluptatem earum aut.',0,0,'2020-09-19 11:55:03'),(295,78,21,'Ipsum et delectus ratione vel. Dolorum delectus sed id quaerat repellat maxime.',1,1,'2020-07-02 16:45:55'),(296,70,85,'Asperiores quaerat consequatur ut voluptatem aliquid. Corporis tempore libero sint inventore a dolores. Possimus quod neque dolorem magni. Accusamus ea distinctio sunt in autem.',0,1,'2020-09-22 20:39:32'),(297,16,22,'Nam mollitia officia nam dolorem. Voluptas rem magnam beatae consequatur.',1,0,'2020-04-02 09:34:27'),(298,65,56,'Nesciunt fugiat quibusdam vel deserunt repudiandae non vero. Minus id ipsam quae. Sit molestiae soluta magnam delectus.',1,0,'2020-03-18 07:55:51'),(299,84,53,'Qui possimus beatae qui ut assumenda itaque eos. Magnam quae debitis sapiente ipsa. Maiores autem aut sequi voluptatem porro doloribus temporibus. Saepe voluptate temporibus exercitationem veritatis molestias dignissimos.',0,1,'2021-01-16 14:14:46'),(300,12,99,'Similique dolor enim pariatur veniam. Quos aut dolorem iste nisi non atque. Recusandae porro voluptates voluptatem explicabo provident sed. Temporibus modi aliquam adipisci in voluptas. Consequatur quis illo iusto animi dolorem cupiditate.',1,1,'2020-03-13 19:55:12'),(301,60,2,'Dicta est velit aspernatur labore. Enim natus vel sed labore eius et.',1,1,'2020-07-07 22:00:19'),(302,31,47,'Laborum magnam modi omnis nostrum. Autem doloribus odit blanditiis. Temporibus qui necessitatibus officiis delectus. Voluptatibus expedita neque ipsam.',0,0,'2020-09-04 12:34:48'),(303,41,63,'Laudantium modi voluptatem nesciunt et. Est impedit numquam suscipit in laudantium laborum odit. Sint consequatur unde est odio impedit sunt quo. Esse quo expedita id id dolores ut.',0,1,'2020-03-23 19:11:07'),(304,91,67,'Deleniti consequuntur dolor esse sed nobis. Est sunt deserunt occaecati sit corrupti incidunt. Fugit voluptatem repudiandae voluptatum facere amet veniam.',0,1,'2020-12-13 07:12:46'),(305,60,99,'Rem quaerat voluptatem magnam debitis. Repellendus sunt itaque quae ut rerum. Et reiciendis est aliquid est ipsa.',1,0,'2020-03-31 13:31:03'),(306,16,81,'Quasi voluptatem et consequatur veritatis earum. Architecto deserunt minima sit non pariatur. Officiis consequatur vero assumenda dolor fugit quibusdam adipisci. Sequi est minus voluptatem at.',1,0,'2020-06-29 02:48:28'),(307,57,43,'Aspernatur consequatur omnis sit nihil qui dolorum. Mollitia beatae dolores sint veritatis nisi aut. Repellendus ratione dolor ut reiciendis dolor rerum. Est vel est et dolorem corrupti. Veritatis accusantium suscipit dolores minus officia.',0,1,'2020-09-07 14:30:16'),(308,42,79,'Eum et error vitae est. Ab omnis occaecati molestiae fuga. Quia atque hic quasi sunt omnis.',1,0,'2020-10-12 17:44:34'),(309,70,13,'Voluptates tenetur in vel beatae consequatur. Quod voluptatibus consectetur perferendis mollitia et voluptatem dicta totam. Et ea dolorum id aut hic itaque inventore velit. Aut excepturi mollitia doloremque recusandae optio.',0,1,'2020-12-13 21:52:06'),(310,53,27,'Impedit dolor illo natus aut quis nihil. Ut sunt fugiat occaecati ab. Omnis quia dolores quia sed.',1,0,'2020-07-13 02:05:47'),(311,73,86,'Quae consequatur et non quia. Ullam a dicta et odio doloremque non. Eligendi alias explicabo suscipit perspiciatis maxime doloribus. Velit et omnis veritatis nemo non minus qui.',1,1,'2020-11-16 18:36:01'),(312,11,95,'Vel omnis in facere culpa. Quis eos saepe non aut. Neque odio omnis expedita asperiores. Consectetur perferendis nostrum et minima.',0,0,'2021-01-15 07:46:12'),(313,41,21,'Quibusdam ab minima veritatis aliquid dolores voluptatem ut tempore. Veniam minus labore impedit et totam. Harum dolorem voluptas sed laudantium.',0,0,'2021-01-24 05:49:36'),(314,82,44,'Minima dicta sint enim aut et qui quam. Aut ab quaerat nemo laudantium itaque deserunt sed. Quisquam qui ea sed amet ea iusto.',0,0,'2020-12-23 19:47:10'),(315,75,43,'Et facere quae facere ut. Possimus ut suscipit fugiat dolor dolore omnis beatae.',0,1,'2020-05-01 18:58:49'),(316,90,22,'Eos qui expedita velit corporis culpa nam id qui. Molestias veritatis laboriosam sunt corrupti sequi enim. Error et architecto atque sed quasi necessitatibus reprehenderit. Enim recusandae ut voluptatum aliquid.',0,1,'2020-05-13 12:35:21'),(317,38,22,'Quisquam et harum non velit dolores earum. Labore consequatur voluptates cum optio deserunt.',1,0,'2020-09-05 14:06:40'),(318,96,16,'Laudantium esse omnis aut qui cum ut quis. Sunt voluptates ducimus est illum amet est voluptatibus. Ab reiciendis consectetur libero sed quidem. Delectus sint qui autem iste ut distinctio quidem nihil.',1,0,'2020-06-21 07:09:59'),(319,88,94,'Maxime voluptate sint atque maiores consequatur. Suscipit reiciendis aut dolores dicta quam velit. Libero in repudiandae et tenetur consequatur. Officiis vel deleniti sunt aut tempora facere sint atque.',0,1,'2020-02-26 12:02:17'),(320,4,39,'Et iste cumque qui consequatur rerum. Nostrum neque vitae iste et. Explicabo reprehenderit quaerat ipsam est porro. Officiis facilis et est.',1,1,'2020-11-11 14:29:11'),(321,83,98,'Quos voluptate iusto aliquam et. Deleniti sunt autem sapiente ut repudiandae. Qui occaecati non vel et. Asperiores rerum et expedita et non illo.',0,1,'2020-04-03 06:48:15'),(322,38,96,'Fuga exercitationem eius magni eum molestiae facilis vitae. Voluptatibus aperiam vitae assumenda. Id ea voluptas aut molestias adipisci. Velit ipsam et amet sint recusandae nam maxime sunt. Exercitationem tempore doloribus nostrum.',1,0,'2020-03-20 11:55:24'),(323,66,40,'Dolore non modi eveniet vel. Eveniet dolores saepe placeat sed vel. Ad voluptatibus dolorem ea dolorum voluptatibus praesentium voluptate.',1,1,'2020-04-13 23:33:21'),(324,2,92,'Molestiae illum nobis temporibus repellat id ea soluta. Aut vel numquam excepturi animi. Quia sit voluptate et velit.',1,0,'2021-01-10 14:12:06'),(325,50,76,'Hic inventore cumque voluptatem nihil. Aut reprehenderit numquam sequi tenetur magni rerum.',1,0,'2021-02-10 23:34:51'),(326,30,19,'Voluptatem soluta sit corporis necessitatibus omnis. Corrupti officiis aliquam consequuntur voluptates reiciendis. Fugiat quis officiis enim minima repellat non doloremque id. Esse et repellendus distinctio voluptatem.',0,1,'2020-09-17 08:11:10'),(327,6,72,'Aliquam odio sed ut dolorem. Et a odit iure fugit id. Eius iusto aliquid ducimus possimus magnam sapiente iure consequatur.',1,0,'2020-10-03 22:27:32'),(328,42,94,'Minima corporis facilis quod maiores distinctio architecto quia. Animi assumenda animi voluptatem ipsa exercitationem. Eveniet ipsum ut praesentium quos impedit optio exercitationem quasi. Qui consequatur voluptatem ducimus voluptatibus. Sit deserunt id ratione ut.',0,0,'2020-02-20 04:24:56'),(329,45,41,'Culpa libero cum dolorem quos non. Ex possimus deserunt ut omnis. Amet omnis modi veniam provident nemo eum fuga. Ab a est quia officia veniam.',0,1,'2020-08-16 12:34:21'),(330,69,20,'Corporis amet animi rem eum illum voluptatum quis. Sint quisquam vitae soluta aperiam vitae eius.',1,0,'2021-01-19 11:49:23'),(331,94,8,'Voluptatem assumenda aut aut vel quam non. Et sed earum a eligendi beatae. Alias accusamus sed hic molestiae et. Alias non cupiditate blanditiis. Dolor vel sit qui est aspernatur enim omnis.',1,1,'2020-09-27 04:34:37'),(332,56,59,'Repellendus ea consectetur dolorem dolor ut possimus molestiae quia. Ratione veniam dolore voluptas. Fugiat quis doloribus vel eum et et tenetur est.',0,0,'2021-02-03 10:57:41'),(333,23,41,'Error est quam natus vitae aperiam. Provident rerum enim qui id. Deleniti rem iure adipisci ut occaecati nulla.',0,0,'2020-08-26 20:18:54'),(334,33,43,'Illum ipsam eligendi et provident modi voluptas fugit. Animi repellendus velit non ut. Eius eaque mollitia ea id est.',1,0,'2020-08-18 07:28:09'),(335,15,45,'Exercitationem accusantium quod et odio et. Consequuntur in voluptatem error harum esse laborum ea. Atque sequi ut aperiam eveniet laudantium non.',1,1,'2020-07-21 04:27:21'),(336,81,67,'Dolorem itaque nihil aliquam aut atque blanditiis. Recusandae dicta dolorem placeat quis est eum soluta. Quam nemo numquam illo molestias quas ut ut nobis. Ratione consequatur sunt sapiente voluptate.',0,1,'2020-04-01 20:58:21'),(337,92,60,'Laudantium ad alias ea sapiente magni corporis. Est ab amet debitis et nihil et nemo. Voluptas ipsam et tenetur sint nemo commodi libero.',0,0,'2020-08-07 23:25:33'),(338,21,26,'Praesentium ipsam facilis voluptates eveniet. Quisquam ut consequatur voluptas doloremque expedita. Ut quaerat mollitia aut molestias non assumenda. Eum consequuntur et necessitatibus.',1,0,'2020-09-17 08:00:44'),(339,65,46,'Eos sequi consequatur est voluptatem. Vel voluptas libero quis id magnam eos. Nam similique esse sunt atque. Totam corrupti nulla minima rerum.',1,0,'2020-11-04 01:42:13'),(340,34,32,'Ut dolor ut quis magnam ipsum eveniet. Et consequatur et nam deleniti. Ipsum et et dolorem voluptatibus. Iste voluptatem doloribus nulla aliquid debitis. Natus porro reprehenderit omnis.',0,0,'2021-01-18 06:31:14'),(341,58,95,'Hic aut ducimus aut. Quasi magni voluptas nihil. Id ab dolor qui aut sunt. Voluptas ducimus aperiam numquam.',0,0,'2020-12-03 07:57:01'),(342,1,20,'Consequatur magni quis ex non velit aperiam facilis. Dolorum quisquam et id et et quibusdam perspiciatis. Similique quo sit hic repellendus quia minima est.',0,1,'2020-10-12 02:07:23'),(343,95,13,'Repellendus consequatur dolore delectus sequi voluptatem. Voluptatem consectetur vero suscipit ea natus. Quaerat numquam repellat in iusto.',1,1,'2020-03-04 22:32:04'),(344,80,61,'Dolore ex aut qui quaerat voluptatem cum dolorum eos. Omnis similique enim quia officia nulla illum sit. Fugiat sit aut fuga vel perspiciatis nulla quod.',0,0,'2020-04-12 08:56:20'),(345,66,47,'Voluptatem nisi et et et facere eaque et. Voluptas autem amet quisquam a. Veniam occaecati perferendis qui quidem beatae impedit et. Est perspiciatis at est ut rerum.',0,1,'2020-04-05 13:13:50'),(346,34,28,'Architecto est omnis eveniet. Qui saepe dolorem quidem quas necessitatibus esse aut consequatur. Aliquam ut similique et eos sunt.',1,0,'2021-01-16 08:40:42'),(347,37,1,'Suscipit occaecati voluptas culpa eum accusantium exercitationem. Non voluptatem expedita nostrum odit provident. Maxime nisi odit delectus similique aperiam temporibus porro.',1,1,'2020-08-15 13:54:00'),(348,96,73,'Repellat molestias dicta dolore aliquam rerum ab delectus nemo. Voluptatem minima sint nemo itaque aut velit.',1,0,'2020-02-29 17:19:51'),(349,78,69,'Nihil delectus blanditiis consectetur temporibus quos. Ut minus est vel veritatis. Delectus iure ut reprehenderit et ut magnam expedita. Veritatis saepe nobis consequuntur dicta. Iste vel nemo voluptatum eum.',1,0,'2020-04-08 22:13:39'),(350,11,47,'Accusamus dolor impedit eligendi velit sed occaecati aut doloremque. Ad explicabo doloremque totam voluptas. Et veritatis laboriosam sit culpa impedit. Soluta dolorum minima rerum ratione tempore.',1,1,'2020-10-11 22:04:36'),(351,2,70,'Voluptas animi sapiente voluptatem cum. Veniam magni ullam similique ab explicabo. Qui at quaerat laudantium at. Perspiciatis voluptas aut qui quod in blanditiis culpa.',0,0,'2020-05-15 19:12:37'),(352,42,98,'Sapiente quo voluptatem exercitationem eaque expedita cumque voluptas. Omnis consequatur occaecati excepturi vero tenetur dolore ut. Labore labore distinctio laudantium cupiditate repudiandae.',0,1,'2020-06-01 19:04:46'),(353,66,35,'Aut et ratione qui libero qui quia. Mollitia deleniti odio eius dolor. Qui minima sunt accusantium sapiente fuga.',0,0,'2020-07-29 09:36:13'),(354,77,80,'Non id excepturi aut voluptatem est consequatur temporibus cumque. Est veniam alias est amet culpa sunt velit. Commodi et consequatur ut quis ut voluptatem sequi voluptatem. Vitae unde molestiae quaerat at.',1,0,'2020-10-17 05:08:42'),(355,67,94,'Repellat et eos aut necessitatibus harum vel. Et debitis explicabo placeat voluptatem. Illo sint quod repellendus enim tempora officiis. Reiciendis dolorem iure vero optio deserunt architecto culpa.',0,0,'2020-11-15 15:49:16'),(356,70,67,'Ea aperiam distinctio a non vero. Esse odit in molestiae atque. Sint eos mollitia adipisci nisi laborum.',0,1,'2020-05-30 15:10:19'),(357,24,19,'Qui id sed impedit rerum exercitationem totam. Quo repellat et occaecati voluptatem consectetur. Consequatur omnis fugit sed quae. Sint esse eos omnis veniam temporibus.',0,1,'2020-03-24 06:25:08'),(358,24,62,'Sit harum hic ipsa et maxime veniam ea. Ut labore quidem consequatur. Totam consequuntur similique velit blanditiis.',1,0,'2021-02-01 09:10:25'),(359,38,2,'Architecto dolor quasi sed tempora enim. Magni aut et provident et officia qui maiores eum. Quibusdam in numquam exercitationem corrupti sunt sapiente rerum. Aut rerum quia quia odit consequatur incidunt. Eum omnis ut rem nisi modi voluptatem sit.',0,0,'2020-08-14 07:48:05'),(360,96,75,'Ut veniam et qui omnis eos delectus cum architecto. A ea doloribus modi officia itaque. Numquam consequatur iusto ut harum excepturi et qui cum.',0,0,'2020-10-22 16:04:29'),(361,87,6,'Provident iure quas consequuntur atque sed pariatur. Doloribus placeat rerum doloribus aut. Autem quam unde aliquam quis explicabo quasi.',1,1,'2020-11-19 19:41:28'),(362,72,41,'Nisi expedita quisquam omnis consectetur quia excepturi consectetur tempore. Quis recusandae eaque velit cupiditate fugit. Non aut illo laboriosam aut et sequi aliquid. Error atque id iure minima debitis quod.',0,0,'2020-03-30 03:35:22'),(363,89,21,'Molestiae omnis cum maiores ex aspernatur vel. Qui soluta quo quasi modi repellat voluptas. Omnis minus tempore nemo laudantium sed quia. Molestiae omnis voluptatem corporis cumque.',1,1,'2020-05-27 22:05:24'),(364,36,18,'Velit sint fugit voluptatem. Numquam consequuntur sint architecto ut autem necessitatibus provident. Nihil non neque praesentium aut. Commodi voluptatem et sint debitis culpa.',0,0,'2020-10-25 23:13:16'),(365,82,56,'Deserunt voluptas quia quisquam reiciendis assumenda optio omnis. At ex minus nesciunt eaque. Omnis aut nulla ea adipisci. Repellendus expedita quis cupiditate consequatur atque odio omnis suscipit.',1,0,'2020-11-27 00:23:17'),(366,33,98,'Ab quod ratione accusamus delectus quia. Placeat in eligendi voluptas nihil aut at. Ducimus natus rerum explicabo accusantium ut quo et.',1,0,'2020-09-26 05:36:11'),(367,90,54,'Eveniet mollitia sunt aut non distinctio ratione. Consequatur maiores velit impedit architecto repellendus aliquid.',0,1,'2020-04-28 19:18:31'),(368,99,33,'Neque ipsa quo est. Facilis ut ipsam labore et dolores dolores ducimus. Quod temporibus ut enim.',1,1,'2020-10-30 06:38:33'),(369,69,44,'Exercitationem saepe quia dolore molestias. Error cum hic ipsam maiores id rerum. Molestias magni excepturi et est. Quia aut saepe quidem iste saepe qui libero dolores.',0,0,'2020-08-26 02:35:41'),(370,15,40,'Possimus possimus autem et. Est ratione corporis animi quas tenetur cupiditate beatae qui. Assumenda excepturi incidunt architecto at incidunt est. Vel et sunt voluptatem maxime omnis laboriosam quod. Dolorem quibusdam qui tenetur perferendis qui sint.',1,0,'2020-09-02 08:59:04'),(371,55,55,'Ut accusamus aut quo enim et veniam dolore. Cumque et aut quia et molestiae. Qui ut aut id placeat tenetur et. Aut nihil odit vitae consectetur. Velit dolore perferendis vitae numquam molestiae doloribus aut.',1,0,'2020-06-12 10:49:46'),(372,10,83,'Voluptates temporibus quia aut sed vel illum. Ipsa rerum illum facilis corrupti quae. Quisquam illo harum recusandae consequatur et porro. Et ea libero aut ea aliquid.',0,1,'2020-08-18 20:40:03'),(373,87,83,'Expedita ex quibusdam omnis consequatur. Vel vel non enim soluta dolorum fuga. Vero sed illo ullam voluptate sint. Beatae alias aspernatur incidunt sed quia.',0,0,'2020-12-03 08:29:03'),(374,56,29,'Maiores dolores ut ipsum minima dolores rerum. Minus dolores quo tempora ea fugiat quidem. Fuga a culpa quae aspernatur. Voluptas quas aut quae quo molestias animi.',0,0,'2020-07-25 02:00:48'),(375,75,88,'Ipsum qui placeat laudantium quas. Nulla possimus aut omnis doloribus omnis nam eos perferendis. Omnis doloribus atque qui.',1,0,'2021-02-09 07:40:58'),(376,14,5,'Repellendus hic nihil at et excepturi quae at. Eum officiis neque et quis ducimus sint doloremque. Aperiam maxime voluptas est ullam dolorem facere officiis. Iure dolor neque eligendi qui neque est cumque.',0,0,'2020-10-04 02:10:15'),(377,82,96,'Omnis perspiciatis cupiditate autem consequuntur. Maxime consectetur modi recusandae quia unde cupiditate id minus. Reprehenderit non quo assumenda iusto ducimus. Qui quisquam est dolor non ratione ipsa maiores.',1,0,'2021-01-29 14:12:12'),(378,34,81,'Voluptatem ex sed culpa velit culpa. Beatae consequatur odit reiciendis magni officiis sint.',0,0,'2020-03-20 12:58:15'),(379,3,71,'Nam molestiae blanditiis quia autem tempore quam. Porro est unde eveniet qui. Itaque nihil quidem esse non voluptatibus ipsum numquam asperiores. Quam eum temporibus quae sed impedit. Iste beatae et tenetur distinctio dolor ut.',1,0,'2020-11-01 04:47:42'),(380,47,20,'Consequatur iste consequatur eos in. Est aliquid aliquam libero omnis. Atque voluptatem veritatis possimus sit qui qui. Non aperiam et ipsa asperiores.',0,0,'2021-01-20 05:30:50'),(381,57,26,'Voluptate ipsum odio dolorem perspiciatis reiciendis. Quibusdam reiciendis perferendis non doloribus. Est ea et ut sunt. At eveniet deleniti eaque commodi adipisci repellat deleniti.',0,1,'2020-03-12 07:57:21'),(382,60,18,'Qui et consequatur cupiditate dolore ut. Qui repellendus ut nostrum eum earum facere commodi. Ut nisi nobis dicta minima ipsam nihil vel.',0,0,'2021-01-23 12:25:19'),(383,12,7,'Ducimus ducimus quod sed fuga qui nostrum eos. Corrupti ratione autem praesentium exercitationem rerum voluptate id. Corporis aliquid labore facere. Quibusdam repudiandae harum ut veritatis non.',1,0,'2020-04-27 03:45:29'),(384,96,58,'Architecto ea voluptas nemo iure. Impedit ratione eum culpa hic quam error at. Dicta libero voluptas perferendis error. Recusandae sint omnis veritatis officiis repudiandae aut et.',1,0,'2021-02-02 20:31:47'),(385,3,42,'Ab aliquid eius iste fuga animi consequatur. Qui quas quia perspiciatis ratione est.',0,1,'2021-01-13 22:50:03'),(386,99,67,'Sint iusto mollitia in in magnam consequatur et. Laborum officia in excepturi placeat magni qui. Aut incidunt delectus a reprehenderit velit ut nobis. Non illum non nobis quia.',0,0,'2020-07-28 19:29:29'),(387,37,84,'Libero dignissimos pariatur reprehenderit quis architecto quas. Veniam doloribus quibusdam doloremque est.',0,0,'2020-03-17 09:27:21'),(388,7,84,'Libero quia unde inventore eligendi ea et dolorum qui. Consectetur voluptatem tempore quia atque voluptatem et. Expedita rem illo dolor enim praesentium reprehenderit. Quibusdam qui saepe blanditiis perferendis.',1,1,'2020-08-25 09:23:34'),(389,100,48,'Ad qui modi explicabo. Illum dolor quo incidunt quia neque dolorum. Dicta et voluptatibus modi molestiae a fugit. Sit qui et fuga consequatur.',0,0,'2021-01-31 01:08:41'),(390,36,39,'Error minima dolor dolor rem nesciunt et. Reiciendis recusandae non accusamus quia.',1,1,'2020-03-04 17:56:54'),(391,85,7,'Error qui consequatur aliquid quos possimus. Laborum ipsam qui quidem laborum aliquid qui incidunt animi. Itaque consectetur necessitatibus veniam exercitationem libero eveniet. Voluptatibus cumque necessitatibus laboriosam repudiandae aliquid.',0,0,'2020-06-15 02:23:57'),(392,82,86,'Molestiae et nulla id est. Exercitationem omnis ad impedit ut sit. Aspernatur quibusdam quos fugiat.',1,0,'2020-05-16 13:00:34'),(393,84,60,'Eligendi consequatur natus voluptas animi sapiente error. Nostrum nihil veritatis sint qui error eaque totam. Consequatur illo accusamus assumenda. Doloribus odio natus dolores ad doloribus fugiat reprehenderit. Dolor amet voluptates quibusdam vitae.',0,0,'2020-12-01 13:38:59'),(394,51,72,'Consequatur nemo fuga beatae. Debitis reprehenderit a doloremque nostrum et dolore inventore delectus. Deserunt omnis aspernatur vitae ut architecto minima ex. Ducimus aliquid rem eos esse saepe sit ut.',1,1,'2020-03-22 09:52:57'),(395,7,19,'Quidem hic et ab dolorem sit illum neque. Sapiente ut sint est ipsam iure. Officiis impedit amet est totam ipsum. Ea autem deleniti perferendis id autem quisquam.',1,0,'2020-09-09 04:39:35'),(396,74,11,'Voluptates quos quo repudiandae iste ut omnis assumenda. Minima mollitia voluptatibus sint rerum.',0,1,'2020-06-22 17:21:54'),(397,31,24,'Eos dolorem sed harum reiciendis temporibus id. Excepturi ut sint occaecati nobis dolor aut suscipit.',1,1,'2020-05-18 03:52:23'),(398,24,49,'Quia vitae numquam ratione perferendis. Iste rem voluptatibus est eaque dolorum. Id et voluptatem nobis numquam praesentium deserunt ut. Cum porro minima aut neque maiores et eum.',0,1,'2020-04-08 06:02:11'),(399,72,11,'Nisi dicta sequi cum ad esse asperiores. Et odit et enim cupiditate eum velit et. Explicabo voluptas ipsa quia consectetur sequi ab.',1,0,'2020-06-23 14:38:19'),(400,41,71,'Qui eius expedita non excepturi. Neque quia et ut quis quasi quia. Libero et nam sed eos aut. Ipsum culpa eius officiis deleniti dolores reiciendis.',1,1,'2020-11-11 01:34:39'),(401,30,38,'In repellendus recusandae reprehenderit perferendis fugiat doloremque. Velit qui est facere voluptas. Et qui rerum maiores impedit.',1,1,'2021-02-11 12:16:07'),(402,100,85,'Voluptates reprehenderit iste voluptatem ut. Incidunt consectetur dignissimos quia voluptatem. Distinctio temporibus perspiciatis voluptatem minus.',1,1,'2020-03-23 23:25:50'),(403,22,57,'Beatae totam ut iste autem non impedit molestiae. Omnis corrupti in quis eligendi a omnis sed. Consequuntur et quia illo quis sunt. Aut voluptatum est sed quia consequatur sit.',0,1,'2020-03-08 01:38:18'),(404,20,26,'Ad iure qui fugiat non consequatur placeat. Ipsam aut rerum eius et rerum quasi maxime. Quis saepe dolorum reiciendis cumque vitae. Harum aut quia ad natus aut. Aut aliquid sint alias aperiam.',0,1,'2020-08-04 06:36:45'),(405,69,67,'Non aperiam rerum voluptas non. Eos itaque sunt eos quia assumenda. Repellat asperiores id quis quae qui.',0,0,'2020-05-08 19:15:36'),(406,26,30,'Voluptates dignissimos est sint aut doloribus. Ut tempora recusandae totam soluta necessitatibus non est. Consectetur dolores optio id laboriosam vitae nihil similique ea.',1,0,'2020-06-07 22:07:24'),(407,73,75,'Eos nam magni natus deserunt doloribus. Eum deleniti similique id sed dolorem dignissimos. Quo odit sunt delectus ad eos laborum dolor quam.',1,1,'2020-04-13 11:46:21'),(408,55,49,'Repellat rerum enim quos tenetur occaecati. Exercitationem deserunt officia assumenda magni molestiae perspiciatis. Sit rem dolorum veniam vitae.',1,1,'2021-01-14 13:01:24'),(409,80,52,'Suscipit omnis magnam aut temporibus. Veritatis optio qui laborum animi et placeat tempore vero. Accusantium excepturi cumque in neque occaecati. Fugit eius animi voluptatem exercitationem et voluptates.',1,0,'2020-06-28 11:12:10'),(410,19,39,'Veritatis ut possimus neque hic eos ut. Et odit omnis fugiat non deleniti. Quis numquam laborum quod dolor odio sit molestiae.',1,1,'2020-08-26 16:28:29'),(411,37,69,'Aut illum eligendi voluptates adipisci excepturi aut laborum. Ipsum assumenda qui quia quia est facere non voluptate. Facere laboriosam ea aut et distinctio. Porro itaque iste dolores ab tempore beatae quibusdam.',1,1,'2020-11-17 20:32:22'),(412,33,55,'Voluptas ut laborum recusandae doloremque. Culpa magnam officia officia aut reprehenderit cupiditate architecto. Earum mollitia impedit voluptatem molestias natus nam animi. Incidunt nulla quo adipisci inventore aut omnis.',0,1,'2020-04-07 09:07:43'),(413,78,24,'Provident amet error saepe ut officiis. Quam explicabo ipsa sunt ducimus et rem rem id. In est qui suscipit magnam expedita beatae cum.',1,1,'2021-01-21 10:29:45'),(414,84,49,'Aspernatur vero magnam eligendi eos omnis enim assumenda. Accusantium sapiente qui sed temporibus quidem sequi autem et. Et consequatur voluptate tenetur.',0,1,'2020-09-23 08:12:17'),(415,94,20,'Ratione sunt optio et libero libero. Explicabo aut ullam praesentium laborum voluptatem et. Atque doloribus voluptates est molestiae quia impedit pariatur.',1,1,'2020-07-07 12:15:43'),(416,19,33,'Placeat fugit explicabo dolores nesciunt nihil omnis qui. Et sunt fugiat repellendus illum est laudantium totam. Debitis ut nemo sint perspiciatis facilis. Repellat numquam molestias culpa ex nulla.',1,0,'2020-12-31 08:30:49'),(417,10,50,'Eum in commodi qui dolorem. Quia non non unde dolor cupiditate voluptas.',1,1,'2020-08-01 06:14:17'),(418,18,42,'Repudiandae fugiat aperiam suscipit ea corporis nihil et. Omnis inventore beatae nihil natus. Qui qui ex eum voluptas.',1,1,'2021-01-02 21:49:44'),(419,55,49,'Omnis explicabo cupiditate nesciunt commodi quod velit. Vero ratione architecto nisi non consectetur. Quis quam repellat ratione fuga nihil.',1,0,'2020-10-17 19:37:54'),(420,81,54,'Omnis debitis vitae vel ipsa quaerat facere. Dolorum occaecati esse id corporis nobis hic a amet. Ex totam ut quis at. A delectus voluptas ut et est.',0,1,'2020-09-11 11:51:13'),(421,30,86,'Dolores tempora suscipit reprehenderit eos. Fuga maxime molestias unde facere modi similique quia. Ut et voluptas blanditiis facilis deserunt.',0,0,'2021-01-23 15:50:32'),(422,39,38,'Quis voluptatem ut dolorem quos itaque nemo id. Aperiam aut enim labore quis iusto. Recusandae nihil rerum vitae impedit et blanditiis exercitationem. Non qui numquam quidem eos beatae maxime.',0,1,'2020-06-18 16:45:28'),(423,73,51,'Ut dolorem natus in quas laborum repellat hic aut. Aut necessitatibus nostrum modi. Excepturi consequatur aut et ea fugit voluptas ex.',0,1,'2020-04-02 20:01:29'),(424,36,25,'Et voluptas ut numquam dignissimos voluptatem. Rerum sint fugiat velit quod. Sunt numquam id eos omnis accusamus et odit. Nihil eaque eos id.',1,1,'2020-08-14 19:57:38'),(425,15,2,'Soluta est sed magni est sed eum aut. Ullam quaerat est iure quia aliquam. Accusantium architecto consequatur debitis velit iusto explicabo aut. Ipsa pariatur voluptatem voluptas.',0,1,'2020-05-01 01:51:41'),(426,64,11,'Adipisci minus alias impedit quia iste delectus. Recusandae assumenda consequatur voluptatem quo. Ea voluptates ea quidem excepturi et.',1,1,'2020-11-02 00:46:16'),(427,65,90,'Hic laudantium eos et aliquid quaerat sint velit. Consequuntur voluptas adipisci et. Accusamus alias commodi cum aut maiores consequatur. Occaecati porro inventore delectus delectus consequatur ea consequatur.',1,0,'2020-12-26 10:14:17'),(428,55,6,'Impedit aliquid velit voluptates molestiae earum similique. Minus aut et soluta ut dolores minima unde. Voluptatem officia nam fuga placeat. Voluptates repudiandae ab eum.',1,1,'2020-06-20 10:43:28'),(429,63,97,'Dolorem nobis corporis laudantium et assumenda. Blanditiis quo quod et aut est quod.',0,0,'2020-05-12 13:01:55'),(430,95,84,'Porro est deleniti sunt nemo quia. Et debitis dolorem fugiat iusto rerum in error. Eos tempora numquam libero. Et est iusto assumenda aut cum harum laborum.',1,0,'2020-11-05 18:51:04'),(431,33,13,'Harum ullam quis cumque est doloribus. Tempora vel et iure adipisci tempora. Dolor exercitationem tenetur est vel laudantium et veniam. Dolores voluptas enim rem dolor voluptatem quae et.',0,0,'2020-09-29 17:36:42'),(432,68,97,'Repellat error eos ea esse eum id dolores. Necessitatibus sed qui a at. Nihil officia in excepturi maxime soluta. Autem aliquid ea sed voluptatibus est.',0,1,'2020-05-14 06:15:38'),(433,84,26,'Exercitationem animi fugit assumenda perspiciatis dicta ea. Repellendus sit amet quidem impedit. Asperiores officia soluta consequatur laudantium asperiores officia eius. Corporis tempora quasi nostrum voluptates voluptate sit. Quia aut iste dolorem sit enim quae culpa.',1,1,'2020-11-24 00:11:15'),(434,78,13,'Iusto sit laboriosam et neque. Repudiandae ut voluptatum blanditiis sint tempora velit. Repellendus dolorem illo vero eius occaecati est.',0,1,'2020-11-24 09:18:26'),(435,28,2,'Pariatur dolores eius numquam corporis accusantium ea aperiam. Dicta exercitationem iusto aut aperiam omnis inventore quam. Quidem eum voluptatem consequatur temporibus incidunt facere. Tempora est fugiat rerum tenetur consequatur omnis omnis.',1,0,'2020-10-05 21:44:48'),(436,24,15,'Qui quas odio qui qui autem. Dolor dignissimos quis ipsa ut repudiandae repellat officiis. Ipsa eius dignissimos quia dolores laudantium impedit. Quia recusandae eveniet iure eaque non.',0,1,'2020-03-18 00:51:18'),(437,3,71,'Aspernatur non iste placeat sunt quia impedit ab. Ab sint quia in ut voluptatibus. Ipsum pariatur rerum deserunt alias hic et.',0,0,'2020-09-13 18:49:39'),(438,42,98,'Et blanditiis fugiat magni et facilis perspiciatis sed dolorum. Alias voluptatem reiciendis rerum quia. Magni tempora et voluptas et laborum aperiam. Aliquid velit ut hic ullam.',0,0,'2021-01-19 11:52:33'),(439,64,25,'Rerum quisquam cumque a modi eaque. Dignissimos eum sed magnam sit. Molestiae architecto pariatur quo accusantium et corporis enim.',0,1,'2020-05-10 08:28:54'),(440,34,94,'Eaque eum sit id molestias est quisquam aut. Error accusamus voluptas et distinctio eos quos.',1,1,'2020-09-30 11:20:49'),(441,66,47,'Natus beatae eos enim odit molestiae. Et similique perspiciatis dolorem dolores impedit quae. Qui ut earum unde et qui iste nostrum.',0,0,'2020-05-09 11:11:29'),(442,36,41,'Eius nisi quos nulla non qui et dolore. Soluta ducimus quos sequi vel exercitationem laudantium explicabo. Excepturi aut vitae quos autem. Expedita aspernatur voluptas aut sunt quam a.',0,1,'2020-04-22 09:55:28'),(443,97,62,'Sit eveniet suscipit magnam ab. Dolore repellendus voluptatibus doloremque at iure harum. Facere accusamus vitae quia voluptas. Exercitationem necessitatibus iusto at architecto provident non aliquam.',0,0,'2020-03-22 14:34:05'),(444,16,96,'Quo autem quo optio facere. Perferendis iure sed reiciendis doloremque rerum sed nam modi. Dolorum quia aut qui iure.',0,0,'2020-11-10 07:10:40'),(445,30,62,'Aliquam neque minima natus. Quasi corporis quia excepturi. Et qui iste aut neque eum non.',0,0,'2020-07-04 01:01:54'),(446,21,17,'Et possimus sed placeat magni consequatur. Enim quibusdam soluta velit doloremque qui alias. Perspiciatis vitae et voluptatibus alias numquam tempore. In nihil repellendus perspiciatis commodi iusto. At commodi et et ad debitis a.',1,1,'2020-03-14 07:08:41'),(447,22,58,'Voluptas nisi error nesciunt quia dolore veritatis sed harum. Dignissimos praesentium ratione nostrum sit iusto et facilis. Quibusdam quaerat delectus quaerat et. Delectus ipsum odio occaecati.',0,1,'2020-11-07 08:26:49'),(448,25,48,'Corporis incidunt inventore non. Modi voluptatem laudantium accusamus qui ut. Ut vitae non cumque dolorum iusto voluptatum porro. Vel quo pariatur eligendi odit quia vel.',1,1,'2020-03-05 22:43:51'),(449,65,80,'Commodi sed nesciunt et eos. Quibusdam non quia qui doloremque eos et. Rerum est pariatur adipisci officiis.',1,1,'2020-06-07 15:32:33'),(450,6,88,'Atque illum expedita nemo est aut voluptatem omnis. Ipsa et suscipit placeat. Asperiores modi aut debitis voluptas nisi sed.',0,0,'2020-09-09 16:47:18'),(451,22,45,'Omnis fugit natus aliquid. Velit aut consequatur et magni qui. Corrupti tempora distinctio voluptas dolor necessitatibus.',1,1,'2020-10-23 14:29:29'),(452,58,56,'Sint vitae ut perspiciatis nesciunt earum. Eos similique quae libero aut. Cumque accusamus quis aliquam itaque deserunt illo. Tempore facilis deserunt dolorum consectetur.',1,0,'2020-07-18 20:09:57'),(453,5,57,'In cupiditate accusantium nesciunt voluptatum reprehenderit. Qui sequi tempora quisquam modi. Velit quasi debitis voluptas voluptatem rerum pariatur.',1,0,'2020-06-11 04:27:49'),(454,69,74,'Sit ipsum ut quaerat ex optio ea. Adipisci voluptates eos suscipit illum. Non omnis vitae voluptatum hic inventore.',1,0,'2021-01-29 22:35:24'),(455,62,87,'Unde dolorum suscipit praesentium autem consequatur debitis provident assumenda. Eum recusandae consequatur voluptas possimus consequuntur quidem sint enim. Nobis asperiores doloribus voluptates magni pariatur.',0,1,'2020-08-29 23:16:31'),(456,47,74,'Quae rerum illum quaerat. Sit occaecati dolor earum et voluptatum provident rerum. Dolor qui est ullam et. Non nulla libero dolorem vel id consequatur.',0,1,'2020-06-21 06:46:21'),(457,31,31,'Quo eum rerum harum beatae magni quidem nesciunt quaerat. Quis facere quo beatae. Id maiores sit autem et id a omnis. Qui inventore iste aperiam amet nulla sit ex.',0,1,'2020-03-04 19:00:21'),(458,62,17,'Repudiandae sint aut aut eum nulla. Dolorem incidunt voluptas expedita atque reiciendis sint iste adipisci. Ipsum totam aut similique recusandae et minus totam. Autem culpa est aperiam ex quia.',1,0,'2021-01-14 14:44:56'),(459,97,33,'Mollitia perferendis voluptate distinctio nesciunt consequatur in. Reprehenderit voluptas aut quaerat nostrum. Molestias error atque dicta velit porro.',0,1,'2020-11-05 22:24:03'),(460,74,71,'Iusto quo ab corrupti similique dolorum dicta. Quos voluptas animi libero numquam voluptate nesciunt. Debitis quo enim adipisci quia et.',0,1,'2020-12-13 06:26:36'),(461,31,40,'Nesciunt nihil provident dolor vitae aut voluptatem et. Exercitationem distinctio sed natus aut nam. Vel soluta sint facilis aperiam est qui exercitationem odio. Autem rerum dicta veritatis alias laudantium.',0,1,'2020-11-25 15:09:38'),(462,10,26,'Rerum qui sapiente blanditiis omnis soluta. Iusto vero sed impedit est facere voluptatem neque. Totam occaecati labore dolorum officia facere ut.',0,0,'2020-02-18 21:00:53'),(463,2,32,'Consequatur amet voluptatum corrupti quas. Placeat enim consequatur minima. Eligendi asperiores neque assumenda sint natus autem qui.',1,1,'2020-05-11 23:12:22'),(464,51,60,'Qui in ducimus molestiae rerum. Eveniet quos aut sed est possimus nobis. Itaque fugit molestias nulla eius quasi. Dolor dolor et accusantium aliquam.',1,0,'2021-02-14 14:49:43'),(465,48,56,'Fuga tempore eum voluptas ut sit. Rem officia quam beatae sit natus accusamus quidem. Totam et vero similique dolorem rerum enim.',1,1,'2020-10-13 17:59:16'),(466,39,24,'Similique soluta dolor voluptate ipsa ut quia. Ea sunt facilis corrupti veritatis nesciunt sint. Perspiciatis et dignissimos quas reprehenderit dolore delectus. Consequatur quam vero iste dolor.',0,1,'2020-09-03 11:14:36'),(467,5,49,'Nulla blanditiis aspernatur eius ipsa blanditiis. Unde excepturi et cumque molestias. Sequi qui dolores dolore molestias nisi.',1,1,'2020-04-22 16:03:34'),(468,33,16,'Hic illum est in ipsa id beatae quia aut. Velit in et in at quia officia. Quo molestiae sint et ipsa.',0,0,'2020-10-15 02:31:43'),(469,79,48,'Sed excepturi vitae est vitae inventore molestias. Quaerat dolor est laboriosam consectetur iusto voluptate. Ut excepturi sed cupiditate magni.',0,0,'2020-10-19 09:42:52'),(470,1,60,'Quia in sint aut. Ducimus sed nisi nihil adipisci dolorum qui molestias. Blanditiis veniam quis fugiat molestiae sit. Placeat ut laudantium dignissimos sunt voluptatem eum quae.',0,0,'2020-09-18 15:48:31'),(471,99,14,'Consequatur distinctio numquam nam et temporibus qui omnis perferendis. Non aut consequatur assumenda. Dolores eaque asperiores ab quos iste.',0,0,'2020-03-13 13:57:54'),(472,71,14,'Ducimus maxime earum consectetur sequi. Earum voluptate sint ea numquam quas. Perspiciatis ratione sunt sit reprehenderit quia. Architecto et qui quia at consequatur.',0,1,'2020-12-02 09:37:14'),(473,56,39,'Velit fuga vitae veritatis voluptatem est iste. Ea praesentium voluptatem quos molestias voluptatem. Omnis quia perferendis voluptas consequatur laborum et. Dolorum omnis quod molestiae reprehenderit et nulla qui.',0,0,'2020-12-03 01:45:01'),(474,25,8,'Voluptatem ea dolores aut mollitia aliquid. Omnis aliquid possimus illo. Est quibusdam eos nobis fugit voluptatem.',0,1,'2020-11-04 17:23:16'),(475,63,90,'Nihil sunt aliquid doloremque quia et. Beatae et rerum fugiat aut. Reprehenderit dolores distinctio repellat corrupti voluptatem dignissimos iste. Fuga accusantium voluptate commodi velit consectetur.',0,1,'2020-09-15 08:25:40'),(476,61,35,'Aut soluta voluptatem eos quae eum qui. Tempora quia dolore voluptas. Sapiente veniam eveniet odio voluptatem laborum.',0,0,'2020-10-05 14:19:23'),(477,91,48,'Error quos sapiente iusto impedit. Et omnis praesentium temporibus qui est tempora et modi. Ad non dolorum necessitatibus nesciunt. Et et in perspiciatis aliquid ipsam ut quia facilis. Incidunt sed sunt enim quia beatae delectus.',1,0,'2020-05-15 13:28:23'),(478,67,90,'Expedita distinctio tempore voluptates harum corrupti nesciunt excepturi. Itaque rerum sunt vel officia ut. Qui fugit voluptates sed aliquid. Animi impedit repudiandae ut impedit.',1,1,'2020-08-20 23:52:13'),(479,47,67,'Enim perferendis doloremque ratione nihil minus quod. Expedita neque placeat deleniti qui. At et inventore quia distinctio unde voluptatem. Dolores aliquid sunt mollitia aut voluptatem eum et adipisci. Et qui omnis accusamus eum tempore est officia voluptatem.',0,0,'2020-07-18 03:21:01'),(480,91,55,'Voluptatem et dolor exercitationem ea dolor. Saepe recusandae id adipisci asperiores aspernatur laborum. Ipsa repellat autem facere. Dolore qui necessitatibus omnis dolor.',1,1,'2020-11-20 02:06:54'),(481,1,39,'Omnis reprehenderit omnis aut veritatis similique. Omnis voluptatibus ut eum voluptates non cupiditate impedit est. Quibusdam dolor hic incidunt et quia.',1,1,'2020-03-08 23:30:38'),(482,92,42,'Et omnis at vitae facere soluta quis earum. Cupiditate eos eum non. Nulla tenetur architecto occaecati est in tempore. Explicabo ducimus et soluta rem.',0,0,'2020-11-02 07:49:19'),(483,35,48,'Ea sunt et eos et officiis. Et eum animi aspernatur dolor. Praesentium saepe praesentium nemo odit ducimus tempore aspernatur.',1,1,'2021-01-09 21:03:56'),(484,34,24,'Minus perspiciatis repellat voluptatem quod. Quidem maiores eos tempora beatae ipsam quaerat ea.',0,0,'2020-09-26 02:53:33'),(485,21,29,'Explicabo voluptatum autem harum rerum ut sed corrupti. Magnam voluptatum laboriosam nihil sed sequi cupiditate amet mollitia. Atque incidunt labore molestias.',1,1,'2020-06-11 02:15:10'),(486,82,24,'Accusamus omnis molestias qui expedita consequatur a et repellat. Sequi et et quo quo sed. Totam tempore delectus rem tempore nemo.',1,0,'2020-09-01 01:12:23'),(487,72,88,'Aut voluptates ut maxime ut pariatur facilis. Pariatur hic et consequuntur similique eligendi consequatur. Temporibus praesentium accusantium voluptas voluptas nihil veritatis. Omnis dolorum provident autem pariatur incidunt sit.',0,0,'2020-06-07 10:36:15'),(488,22,47,'Aliquid quia libero molestias ab. Natus eaque dolorum pariatur autem doloremque consequuntur quae iure. Autem adipisci velit incidunt sit.',1,0,'2020-10-06 17:58:22'),(489,68,99,'Nesciunt quod laboriosam qui molestiae delectus. Doloremque et enim nesciunt quod perferendis aspernatur molestiae. Qui molestiae officiis consequatur distinctio illo.',1,1,'2020-05-27 21:46:48'),(490,91,58,'Iusto veritatis odit quisquam velit animi id. Ut nesciunt animi totam nesciunt ut ipsum. At eos quo inventore nihil laborum magnam. Eum ea odio veritatis sit et.',0,0,'2020-07-29 05:33:11'),(491,14,97,'Itaque quae dolorem earum architecto magnam totam omnis. Fuga eum sint vitae qui quisquam aut. Rerum fugit eaque voluptas laudantium in aut explicabo molestiae. Voluptatem illum voluptas accusamus exercitationem.',1,1,'2020-06-15 09:17:19'),(492,44,27,'Molestiae facere doloribus voluptatem quibusdam. Veritatis fugiat pariatur similique sed sequi iusto. Voluptatem incidunt quam consequatur sint qui. Voluptatibus ab eos optio necessitatibus et quam nostrum.',0,0,'2020-08-27 13:39:49'),(493,1,24,'Suscipit voluptas totam earum voluptatem et asperiores deserunt atque. Qui vero consequatur itaque non modi quia inventore.',1,0,'2020-07-22 15:11:08'),(494,17,14,'Consectetur omnis animi deserunt magnam non placeat. Voluptatem voluptatum architecto expedita. Commodi cupiditate facilis laboriosam voluptatem tempora occaecati. Qui numquam sunt sequi aperiam autem repellendus ut.',0,1,'2021-01-13 06:27:45'),(495,18,48,'Vel impedit illum fugit ea quia occaecati qui. Et illum enim eos vitae sunt sunt. Optio amet nisi consectetur nemo voluptatem amet. Quo atque suscipit aut a nulla culpa voluptatibus. At facere molestiae dolore omnis.',1,0,'2020-05-06 11:04:44'),(496,84,76,'A molestiae ut omnis quas. Animi et sed unde nam iure rerum. Consequatur ea quisquam deserunt enim atque voluptatem eum. Quia officiis reprehenderit quia.',0,0,'2020-03-28 01:51:11'),(497,26,100,'Consectetur numquam dolorem velit magnam a. Aut est velit molestiae itaque modi est sint. Rerum beatae quia facilis ea laborum similique.',1,0,'2020-07-02 04:13:55'),(498,25,25,'Fuga fugit et vitae omnis eveniet. A fuga eos in rerum.',0,1,'2020-05-01 20:00:26'),(499,49,67,'Odit consequatur perspiciatis vitae exercitationem ducimus. Hic et omnis suscipit ipsam temporibus. Nisi consequatur quo iure architecto nulla fuga.',0,1,'2021-01-31 06:14:35'),(500,90,46,'Tempora dolore in quisquam neque odio laborum tempora. Consequatur ipsum sit est ut eum eaque quia tempore. Aperiam optio id omnis vitae.',1,1,'2020-06-13 03:29:04'),(501,59,59,'Qui architecto ab maxime voluptates id et. Facilis corrupti voluptatum nulla rem unde. Sint ad aut optio doloremque.',0,0,'2020-08-18 10:41:46'),(502,17,6,'Sit nemo ab voluptas voluptatem nihil pariatur voluptates. Perferendis dolores fugit quod. Laudantium magni nam id. Et assumenda aliquam at voluptates quaerat voluptatem.',1,1,'2020-08-01 20:02:44'),(503,81,86,'Et quidem odio laudantium consectetur. Eius necessitatibus impedit distinctio maxime voluptatem asperiores aut. Veniam fugit reiciendis ab rerum magnam ut. Dolor voluptatum atque voluptatem inventore et totam voluptatem a.',0,0,'2021-01-15 02:08:46'),(504,84,65,'Minima tempore magnam laboriosam possimus eligendi debitis corrupti. Iure quos laborum eveniet doloribus. Quae rerum nostrum et qui dolorem quia. Nemo quia ipsa omnis doloremque.',1,1,'2020-09-11 13:31:12'),(505,69,52,'Laudantium voluptas culpa omnis sit. Maxime amet pariatur rem ipsam nesciunt.',0,1,'2020-09-17 01:59:01'),(506,50,95,'Nam placeat ut ad rerum. Illo quia est dolores facilis laudantium neque ut. Laboriosam voluptas accusantium mollitia quas. Qui alias consequatur omnis provident. Maxime ipsam ipsum eligendi aut voluptas.',0,1,'2020-04-19 15:07:58'),(507,24,34,'Eum officia sequi qui. Explicabo unde illum ea necessitatibus cupiditate officiis. Vel quidem consequuntur exercitationem veniam.',0,0,'2020-06-29 14:15:20'),(508,98,89,'Nulla perferendis dolor exercitationem et non eius optio. Ea nihil et libero provident est quibusdam ea. Necessitatibus quia consequatur et eum quia. Consequuntur repudiandae vel dolore doloribus cum.',1,1,'2021-01-20 17:51:36'),(509,50,84,'Harum accusantium a dolorem deleniti voluptas eum quidem quis. Autem porro cumque nam laudantium molestias. Natus cum quia consectetur facilis illo qui facilis.',1,0,'2020-10-23 18:15:16'),(510,69,91,'Amet neque aperiam inventore similique possimus. Eos quo doloremque est harum soluta facilis sequi et. Eveniet quas dolorem consequatur sapiente doloremque.',0,0,'2020-06-25 08:07:37'),(511,47,64,'Asperiores officiis numquam et accusantium est dolorem. Voluptate fugit ut doloribus ut architecto aut atque. Corporis laboriosam officiis vel blanditiis omnis quibusdam. Fugiat unde repellat inventore dicta ad ipsum.',0,1,'2020-12-06 12:43:06'),(512,79,100,'Eos incidunt perspiciatis rem aperiam. Totam expedita repellat quidem dolorum voluptatem. Rem aliquid officia ullam rerum provident necessitatibus. Vitae voluptatem illo voluptatem.',0,0,'2020-07-31 15:56:57'),(513,63,14,'Sit sint temporibus delectus nostrum corrupti et numquam. Rem ut quia reiciendis magni sapiente animi dolores. Quia aut quod quam quia ipsam quia. Nisi est illo et harum impedit.',1,1,'2020-04-30 23:54:47'),(514,80,60,'Illo dolorem dolorem at fuga maxime aperiam. Vitae itaque sit eius aut voluptatem officia. Dolorum odit ullam est ducimus dolor non.',1,1,'2020-11-24 05:55:22'),(515,56,3,'Est nemo laboriosam natus sint est. Ut esse quia aperiam excepturi sed ratione dolor. Distinctio facilis velit ut dolor.',1,0,'2020-06-13 16:04:57'),(516,45,14,'Ea sed dolorum quia et accusamus. Qui dolores quae et id vitae voluptas. Quod unde qui sed consequatur non quod et.',1,0,'2020-07-29 19:29:43'),(517,37,43,'Nihil aut sunt reprehenderit alias eveniet. Ratione dolor officia eos autem sed voluptate. Inventore provident ad rerum maxime repellendus ad.',1,1,'2021-02-09 19:09:15'),(518,4,91,'Voluptate et quis aut qui architecto ut accusantium. Aut earum autem quis occaecati. Voluptatem expedita ut in omnis asperiores eaque consequatur a. Cumque accusantium quis eum unde quia.',1,1,'2020-08-16 12:25:50'),(519,43,40,'Sed officia doloremque suscipit fugiat omnis et ipsa. Vel fugiat recusandae ut vitae ex dolores minima. Ullam quo qui dolorem culpa.',0,0,'2020-10-20 22:31:34'),(520,70,32,'Non vel debitis minus est hic autem fugit delectus. Est explicabo fuga aut est quod perspiciatis odio optio. Quae est eius et quibusdam iste quisquam.',0,0,'2021-01-04 19:09:01'),(521,46,36,'Enim et dolores perspiciatis neque quia nam aliquid. Fugiat aliquam necessitatibus quidem perspiciatis impedit optio. Sequi delectus aperiam magni ea velit qui quas. Est qui exercitationem quos aut aut minima autem.',0,1,'2020-10-04 08:19:04'),(522,39,88,'Iure rerum qui animi odio quam optio facilis. Ex repudiandae sapiente mollitia quos et sapiente. Aut labore ut qui blanditiis eos aut ut et. Deserunt ratione laboriosam assumenda repellendus dolore nihil.',0,1,'2020-07-07 02:35:14'),(523,20,39,'Non id accusamus voluptate debitis. Aut perferendis architecto non repudiandae perspiciatis. Libero ut distinctio cum est. Et doloremque voluptatibus atque officiis nobis ut.',1,1,'2021-01-07 03:17:23'),(524,34,53,'Rerum et consequatur sunt blanditiis qui aliquam et. Sed rerum pariatur saepe. Blanditiis soluta fuga nam quia optio nemo. Non laborum cupiditate reprehenderit ad sed et doloremque. Eos aliquam architecto dolor illo occaecati provident nostrum.',0,0,'2020-08-19 20:55:28'),(525,60,42,'Officia eaque distinctio nihil est. Dolorem ex et voluptate excepturi qui.',1,1,'2020-12-17 13:20:13'),(526,30,25,'Voluptatem nihil officiis et quia non. Qui magni sit est temporibus nemo repellendus omnis.',1,0,'2020-09-29 23:21:57'),(527,31,81,'Quia ut velit et sint. Ab nihil quod voluptatem sed ipsam. Quis ut fugit odio et fuga repellat.',1,1,'2020-03-18 03:42:23'),(528,11,13,'Recusandae doloremque et quo. Magnam et quibusdam voluptatem voluptas ipsum velit. Quisquam autem eum nostrum et suscipit et.',1,1,'2021-01-06 18:08:10'),(529,32,20,'Laborum vel aut dolorem vel est iste quaerat eius. Dolor occaecati voluptatum magnam incidunt vel. Molestiae eaque velit ex unde velit. Porro in a fugiat maxime ex ut esse.',1,0,'2020-03-25 07:01:31'),(530,4,60,'Animi dignissimos ut voluptas consectetur occaecati. Non odit enim beatae sed atque dolores minima. Et aut quas ea sit quos et.',1,0,'2020-10-29 13:48:57'),(531,89,61,'Blanditiis corrupti inventore error nam. Reiciendis fuga aut dolorem eaque. Totam recusandae fugiat impedit atque rerum et nobis. Sequi eos soluta animi repellat fugit neque.',0,1,'2020-06-12 06:40:05'),(532,38,8,'Et asperiores ut libero qui quo. Corrupti minima et autem commodi repellat et et. Unde vitae rerum ut eum porro.',0,0,'2020-08-25 00:52:09'),(533,23,93,'Sint qui tempore eum rerum voluptas dolores. Et quam blanditiis beatae. Iusto debitis sunt modi neque velit autem. Eligendi culpa voluptas et nihil cumque.',1,0,'2020-03-12 02:34:03'),(534,94,90,'At nemo deserunt modi sit. Aliquid occaecati sit numquam perferendis. Voluptate fuga omnis consequatur quia id. Fugit corrupti aut aut.',1,0,'2021-01-16 09:17:17'),(535,68,70,'Et repellendus voluptatum quia aut qui deleniti illo sint. Inventore non recusandae harum reprehenderit qui. Ipsam sint numquam incidunt vel deserunt et ut. Iusto assumenda fugit aut atque eius nesciunt. Repellat quae quasi architecto aut voluptatem.',0,0,'2021-01-11 19:10:46'),(536,46,20,'Harum ab voluptatem occaecati. Alias quidem repellendus quis nostrum cum fuga eius voluptatem. Ut deleniti commodi placeat eos culpa. Sapiente quisquam ut tenetur tenetur architecto maiores ipsum impedit.',0,1,'2020-09-09 08:13:40'),(537,62,49,'Ut nam modi et maxime et temporibus est numquam. Quia sed voluptatum facilis corrupti unde quasi omnis. Recusandae in aut sit doloribus totam et. Eum consequatur nemo amet necessitatibus excepturi quae.',1,0,'2021-02-05 10:27:48'),(538,57,37,'Eligendi tempore occaecati dolores et eos aut. Optio non repellendus ab laudantium nihil aut nobis repellendus. Provident sed aut voluptatum enim quos ut repudiandae. Porro qui id amet officiis qui cum quos.',1,1,'2020-05-26 19:55:58'),(539,16,68,'Illum eum recusandae fuga illo error ut. Nihil officia officiis ducimus et necessitatibus sequi vitae quisquam. Optio consequuntur repudiandae expedita quidem occaecati libero temporibus. Atque nulla quis nihil qui.',1,1,'2021-01-07 12:43:58'),(540,92,56,'Enim ad aliquid illum dicta pariatur aspernatur recusandae. Neque velit facere debitis ex corrupti sint. Laborum eos tempora ad hic. Quas aperiam corrupti eius totam ut perspiciatis.',1,0,'2021-01-14 17:03:57'),(541,3,44,'Perferendis praesentium natus iusto corporis. Ea quaerat praesentium qui dolor recusandae accusantium deleniti. Corrupti harum vero omnis blanditiis ut atque. Voluptate aut vitae cupiditate fugit labore quaerat sit impedit.',1,1,'2020-03-27 21:27:42'),(542,13,34,'Debitis consequatur porro illo hic voluptatem sit voluptatem asperiores. In vel hic quasi aliquid sapiente dolorem eos. Aperiam rerum rerum consequatur sed.',0,1,'2020-12-18 00:40:07'),(543,28,40,'Tempora excepturi modi accusantium error odio voluptatem laborum. Rerum tempora suscipit cum dicta sint.',1,1,'2020-11-21 03:56:00'),(544,14,50,'Velit autem dolores asperiores officia enim. Nobis impedit porro deserunt iusto id. Quo ipsa consectetur unde qui quasi. Corporis ut alias sapiente accusantium quam sed ipsa. Sunt saepe non quis ea sit soluta aut quidem.',0,1,'2020-12-19 18:21:02'),(545,6,79,'Fuga pariatur quo vitae dolor. Et ipsa dolor est officiis ea autem. Nam vero minima sapiente ut quis inventore temporibus.',0,0,'2020-08-15 07:27:15'),(546,78,53,'Ipsum quidem ea perspiciatis. Dolorum sunt id voluptate et. Tempore veritatis doloremque voluptas sed et incidunt dolore est. Minus perspiciatis sint dolores rerum minus.',0,0,'2020-06-16 16:37:58'),(547,30,90,'Vel blanditiis doloremque dolore. Rerum enim quidem ipsum ut reprehenderit. Sunt dolor doloremque quod provident ex.',0,1,'2020-04-28 05:11:06'),(548,59,24,'Nisi hic cum possimus fugiat cupiditate rerum neque suscipit. Neque odit dolor nesciunt reiciendis est quam. Qui temporibus tenetur inventore et rem atque. Nihil delectus suscipit sequi possimus.',0,0,'2020-09-18 04:39:58'),(549,42,36,'Ex sit voluptatem maxime error qui qui. Nihil est dicta aperiam non animi. Impedit optio at reprehenderit dolorem labore architecto.',0,0,'2020-06-02 17:58:39'),(550,56,72,'Voluptatem et eligendi et iusto cum nulla aut. Minus et id consequuntur nostrum. Cum et ea suscipit consequatur.',0,1,'2020-06-11 01:11:03'),(551,90,32,'Explicabo est cum nihil sed qui eligendi. Asperiores et enim architecto et veniam aut odit. Accusamus quis ducimus est et animi voluptas. Quam quisquam velit aspernatur velit eveniet dignissimos eaque unde.',0,1,'2020-08-06 21:10:16'),(552,93,65,'Et quibusdam et perspiciatis voluptatibus voluptatem voluptates. Aut omnis quae quaerat iusto laudantium iste dicta illo. Tempora et quis fugiat. Explicabo dolores qui soluta at.',1,0,'2020-12-18 10:11:08'),(553,49,47,'Qui consequuntur et aut dolorem consequatur consequatur consequuntur. Perferendis quae quos dicta aut possimus cupiditate pariatur. Et itaque excepturi occaecati dignissimos. Libero blanditiis accusamus eos enim amet nobis quia occaecati.',0,1,'2020-05-05 07:49:38'),(554,88,100,'Est ipsam itaque qui assumenda molestiae laudantium et. Modi sit laudantium laboriosam nam natus facere sunt id. Dicta voluptas et repudiandae ea omnis tempore delectus ducimus. Optio qui omnis odit aut officia. Aut ullam vel fugiat rerum neque aut.',1,0,'2020-03-26 01:56:17'),(555,35,72,'Rerum quibusdam ex veritatis voluptatibus eum rerum blanditiis ut. Magnam dolores suscipit sunt ut corporis ut nisi. Labore voluptates distinctio facilis molestiae inventore fugit minus.',0,1,'2020-03-23 15:04:15'),(556,57,66,'Qui itaque alias temporibus sint accusantium corporis. Aliquid et ipsa nisi ut. Et veritatis libero possimus reprehenderit itaque sit.',1,0,'2020-10-15 17:57:13'),(557,61,4,'Impedit minus in aut vel. Corporis sit aliquam numquam delectus aut voluptatem tempora. Iusto perspiciatis iste quia asperiores quae facilis placeat. Sequi quasi sint praesentium explicabo deserunt labore.',0,1,'2020-04-18 13:10:11'),(558,38,75,'In sequi et praesentium placeat repellat. Id blanditiis enim molestiae veritatis ab. Beatae blanditiis ut ut totam et. Quas aut fugiat soluta labore expedita.',1,0,'2021-01-26 16:03:02'),(559,63,88,'Voluptatem nobis magnam impedit est. Voluptatem qui voluptatum autem non nemo fugiat nam. Ut omnis asperiores eligendi. Aut ut maxime et blanditiis.',1,0,'2020-04-22 06:42:50'),(560,50,87,'Quae doloremque rem dolorem error non cumque impedit. Sed vitae aperiam fuga quam qui.',1,1,'2020-10-15 02:10:22'),(561,86,67,'Quia dolorum expedita dicta sit quo. Similique itaque corrupti quo ullam voluptatem ex et. Est dolorum aut rerum quae necessitatibus qui quia ad.',1,1,'2021-01-21 16:20:52'),(562,78,90,'Neque autem laudantium iure minus omnis sunt recusandae quod. Eaque est sequi nemo aperiam et et. Nostrum rerum optio et id sit totam. Recusandae dolores minus ut iusto sequi voluptates.',1,0,'2020-07-26 10:29:57'),(563,12,89,'Et cupiditate rerum distinctio officiis enim enim deleniti. At officia aut exercitationem. Totam dolores dolores fuga sed qui sit.',0,1,'2021-01-16 16:18:44'),(564,10,83,'Unde non magnam reiciendis eveniet enim est. Libero consequatur minus repellat veniam eius aut. Molestiae est voluptatem optio quibusdam.',1,0,'2020-11-30 09:33:25'),(565,84,71,'Modi et quia velit est minima sit. Est corporis consequatur quo. Soluta sunt itaque et occaecati sunt. Magnam placeat repudiandae totam et sint.',0,1,'2020-05-23 21:48:47'),(566,1,90,'Ut laboriosam iure est qui explicabo. Illo voluptate optio repellendus quibusdam a aut voluptas. Consequatur perspiciatis debitis laboriosam sint. Eius sed sed ipsa quisquam quibusdam quia.',0,1,'2020-04-22 02:28:56'),(567,50,77,'Debitis quas sunt assumenda qui. In eius enim repudiandae aperiam facilis consequatur libero. Id tempore facilis fugiat qui rerum est. Beatae laboriosam iusto delectus sunt. Quasi laborum non aut quo asperiores.',0,1,'2020-08-24 05:30:57'),(568,33,36,'Dolorem natus et et natus provident. Amet debitis perspiciatis vel molestias possimus laudantium ut. Voluptatem exercitationem iste odio pariatur praesentium.',1,1,'2020-10-14 02:04:03'),(569,80,91,'Necessitatibus eum est perspiciatis asperiores nostrum accusamus. In rem odit fugiat dolor asperiores. Eveniet dolor consequatur ullam dolorem expedita dicta.',0,1,'2020-11-14 08:39:29'),(570,17,9,'Ipsam quasi laudantium dolorem eum. Exercitationem labore quaerat ad atque voluptatem. Nostrum sit quia ipsum debitis quod nihil.',1,1,'2020-05-29 05:23:43'),(571,95,45,'Aut nam et ea voluptas dolor. Sed aut qui qui veritatis hic commodi. Consequatur consequatur error quibusdam aut at. Id expedita vitae ratione alias minus laboriosam autem.',0,1,'2020-10-03 09:50:10'),(572,42,74,'Provident non reprehenderit architecto ipsam. Dolor et natus quam molestias.',1,0,'2021-02-15 14:50:46'),(573,44,96,'Veniam soluta nulla aliquam cumque. Temporibus et magnam in ut quia at quam. Sequi impedit dolorem incidunt. Qui alias quis et ut.',0,0,'2020-06-03 18:56:43'),(574,47,49,'Cumque modi reprehenderit corrupti dicta. Quibusdam modi nisi omnis nemo. Magni porro velit non.',0,0,'2020-03-16 04:52:19'),(575,4,70,'Dolores quia illum harum laborum in. Sint exercitationem placeat odio explicabo inventore voluptatum. Delectus iusto quam aspernatur error quae. Est quasi dicta voluptas et quibusdam.',1,0,'2021-02-04 07:59:32'),(576,41,91,'Dicta vel est atque non numquam quod veniam. Error expedita et accusamus enim ea. Architecto veritatis et earum ea. Libero eius omnis sit temporibus illo dolorum perferendis.',0,1,'2020-03-27 19:24:14'),(577,31,83,'Non suscipit alias qui occaecati. Rerum temporibus quam asperiores voluptates omnis. Non hic corrupti placeat quod vel nobis.',1,1,'2020-04-15 06:08:10'),(578,19,49,'Vel in tenetur doloremque reiciendis odio necessitatibus dolore eius. Rem quod pariatur illo odit voluptatibus facere facere. Enim iusto magni incidunt autem ut. Autem ex deleniti facilis minima voluptatem iusto.',0,0,'2020-02-29 07:42:01'),(579,86,83,'Adipisci recusandae architecto aut. Id minus unde molestiae nobis. Eum itaque voluptatem hic similique quaerat nisi.',1,0,'2020-06-11 13:48:16'),(580,57,33,'Nulla quibusdam et optio aliquam autem esse. Ut veritatis hic in. Reiciendis non soluta nihil eveniet. Ut earum omnis quaerat soluta.',1,1,'2020-08-30 00:15:15'),(581,94,73,'Atque numquam quia rerum quia sed est dicta. Et quos dolorem culpa ea labore est. Ex molestiae eum culpa voluptatem odio est. Neque voluptatem id non harum error quia possimus.',1,0,'2020-07-23 09:40:33'),(582,81,84,'Non dicta expedita accusantium id sunt. Sunt voluptas quia debitis sit dolores. Natus aliquid et hic autem delectus omnis.',1,0,'2020-07-04 17:20:01'),(583,77,32,'Eius repudiandae ut nulla deserunt doloremque. Repellendus illo hic architecto ut dolores quo natus. Et aut velit facilis asperiores. Est at rem repudiandae assumenda atque.',0,1,'2020-07-15 04:24:23'),(584,29,48,'Repellendus minima similique et doloremque. Magni nihil iusto inventore aut nulla. Consequatur quia alias quia voluptatem.',0,1,'2020-07-21 01:43:01'),(585,52,18,'A ea rerum quisquam quae dolor officiis. Sed ipsum et ut. Rerum ipsam praesentium eligendi ducimus dicta incidunt.',0,1,'2020-05-25 19:52:47'),(586,33,10,'Eaque qui enim eveniet consectetur id. Quam debitis voluptatibus molestias dolorem. Tempora officia aut enim ut voluptatem. Eos iusto repellendus autem sed.',1,1,'2020-03-16 03:47:10'),(587,52,29,'Ut quae temporibus tenetur. Quas velit hic consequatur numquam iure expedita sit sunt. Assumenda sint quam libero et et. Et ut eum et ratione placeat. Eum sed qui qui est.',0,1,'2020-12-11 13:06:38'),(588,86,44,'Id qui neque voluptas ratione. Nostrum qui id necessitatibus unde unde vel illum. Voluptate aut eos in nam eligendi enim. Quam quo asperiores vel tempore. Eligendi explicabo quis ut sit numquam.',0,1,'2021-02-08 00:01:19'),(589,63,82,'Cupiditate eum natus cupiditate minus nostrum qui est. Nulla facere quisquam et neque. Perferendis voluptatibus eum tempora dolorem provident eos. Reprehenderit ex labore eaque porro reiciendis optio.',1,0,'2021-02-15 15:50:05'),(590,21,57,'Dolorem quaerat hic sint commodi est ipsa illum et. Provident et dolores corporis ipsum tenetur tempora autem. Et tempora ex omnis ullam. Voluptatem et porro explicabo ut sed recusandae repellendus.',0,0,'2021-01-13 15:53:46'),(591,23,44,'Modi est nostrum et quas. Qui beatae tenetur officia ut repellendus. Aperiam qui veniam laborum voluptatem iusto sed.',0,0,'2020-12-16 16:31:03'),(592,51,23,'Sit ea earum expedita a tenetur. Cum delectus nihil ipsam quis nemo. At a quae ratione ut sed assumenda. Quo fugit et voluptatibus voluptatem qui quam ducimus.',1,0,'2020-07-30 12:11:54'),(593,60,32,'Veniam quia veritatis earum saepe consequatur. Atque qui et earum deleniti. Eveniet tempora est iure sapiente qui nihil eos. Et voluptatum corrupti ducimus ut natus dolorum alias minus.',1,1,'2020-11-02 00:23:32'),(594,78,95,'Voluptatem alias exercitationem doloribus molestiae et numquam. Expedita totam omnis cum quos eum sint voluptate sit. Ipsa molestiae dolorem sit ipsam. Praesentium aut iusto quia dolores ad ipsam.',0,1,'2020-07-17 08:44:28'),(595,39,12,'Animi placeat eos nesciunt suscipit. Ut qui quo dicta rerum eos eos. Ullam qui eos pariatur laudantium. Temporibus dolorem nobis consequuntur saepe velit.',1,0,'2020-10-13 07:08:22'),(596,40,64,'Alias sequi eaque voluptas et rerum adipisci. Iusto ducimus culpa asperiores et dolorum maxime. Mollitia quae reiciendis perferendis beatae. Qui sed maiores ea repudiandae qui asperiores aperiam.',1,1,'2020-08-12 00:36:46'),(597,99,4,'Distinctio magni voluptatem veritatis. Quas hic fugit enim. Est repudiandae dolore qui incidunt maxime aut sint.',0,0,'2020-12-07 23:48:33'),(598,20,89,'Quis vero incidunt non ea rem odio facere. Aliquid voluptas voluptatibus corrupti autem.',0,1,'2020-02-20 12:02:28'),(599,82,46,'Sit cumque aliquam ex maxime sapiente quod. Vitae magni voluptatum aliquam quae.',1,0,'2020-06-11 07:56:33'),(600,83,76,'Necessitatibus architecto ad ea et aspernatur dolor. Architecto perferendis qui dolorem eius aut ad. Quia sed et eaque mollitia explicabo aperiam repudiandae rerum. Laborum quia facilis id dolor sint harum excepturi. Quia modi mollitia excepturi illum.',1,1,'2020-11-26 18:31:51'),(601,30,21,'Dignissimos explicabo rem ut est iusto fuga veniam. Quidem fuga qui dolores ipsam minima et. Beatae nostrum aspernatur cupiditate veritatis ut qui. Quia ea enim blanditiis sunt totam et ad.',0,1,'2020-09-20 01:17:14'),(602,15,13,'Alias ipsum illo harum est perferendis. In corporis nihil numquam ut nulla consectetur. Ipsum eum quis est fugit veritatis est delectus. Unde suscipit molestiae expedita quae eos iste.',1,0,'2020-05-14 07:05:10'),(603,20,59,'Rem nemo sapiente quo cumque odit. Nisi minus esse quo aut ut nisi.',0,1,'2020-04-10 21:31:47'),(604,33,88,'Omnis voluptas porro nulla harum. Accusamus illo qui possimus veniam nulla perspiciatis expedita. Veniam minima autem odit id ullam. Est fugit nihil vel occaecati vel.',1,0,'2020-04-17 05:54:06'),(605,42,47,'Voluptatum maxime commodi enim eveniet. Explicabo sapiente ut repellat voluptatibus similique vitae eum. Voluptatibus cupiditate ducimus sunt illo.',0,0,'2020-10-06 03:32:38'),(606,6,89,'Libero totam alias hic voluptatem tempora vel quisquam. Harum qui ut ut cum nihil rerum. Ullam voluptates qui accusantium inventore. Dicta et nisi recusandae est nobis sunt non.',1,1,'2020-03-29 06:29:41'),(607,26,64,'Et ullam officia aperiam earum excepturi est et. Sapiente porro quaerat rerum et. A natus sed est mollitia numquam. Et voluptatum excepturi quia et. Quidem commodi sunt commodi vitae.',1,1,'2020-05-02 08:40:05'),(608,42,17,'Voluptate dolorum dolorem minima architecto totam omnis sit qui. Suscipit unde fuga architecto corrupti. Ad eius voluptatum et animi enim voluptas.',1,0,'2020-02-18 12:17:11'),(609,60,49,'Non magnam mollitia unde dolores explicabo. Sunt est adipisci voluptatem aut natus fugit. Quae architecto fuga ex maxime. Aspernatur sunt quo odit porro sed est incidunt.',1,1,'2020-09-08 22:16:56'),(610,63,67,'Consequatur voluptatum ea sed in et non ab. Ea autem est sunt natus recusandae. Ut illum itaque et ducimus. Commodi dolor amet iste aliquam recusandae.',0,0,'2020-10-04 20:13:30'),(611,45,24,'Quia deserunt quae dolore aliquid minima autem. Animi et quibusdam suscipit ea neque consequuntur. Adipisci inventore dicta sint.',0,0,'2020-10-06 08:51:01'),(612,87,60,'Hic dolorum autem vel laudantium occaecati. Modi perferendis itaque id cum voluptas sit rem. Et error aut cupiditate cum impedit odio vel. Et enim similique at atque.',0,0,'2020-02-23 23:49:44'),(613,38,9,'Inventore vel laudantium earum sit. Voluptates inventore ratione accusantium et dolor et perspiciatis. Fugit quia eum aliquid dicta. Molestiae quam illum dolores unde culpa.',0,1,'2020-08-07 05:55:33'),(614,29,21,'Eligendi consequuntur nisi maxime rem neque aut voluptatem. Quisquam quae itaque consequatur reprehenderit occaecati delectus. Suscipit animi consectetur recusandae omnis ut et.',0,0,'2020-03-24 19:53:05'),(615,16,15,'Sint aut velit tenetur sapiente. Sint voluptatem in vero reiciendis itaque et. Consequatur iusto velit a amet dolor ullam.',1,1,'2020-09-23 11:29:57'),(616,30,2,'Autem velit aliquam cupiditate. Consequuntur deleniti et ut dolorem. Earum ratione cum quia maxime necessitatibus. Excepturi est nulla aut impedit quisquam adipisci aut.',0,0,'2020-05-12 01:43:01'),(617,19,91,'Deserunt laborum cumque est fuga eius dignissimos ratione praesentium. Nam dolores quaerat voluptate beatae enim. Eos illum et repudiandae eius totam vitae ea. Sed est sed quis molestiae similique quidem omnis.',0,0,'2020-07-20 16:45:43'),(618,97,12,'Quaerat quia dignissimos aut voluptas voluptas ut ea. Aut eaque voluptas cupiditate molestias est quo.',1,1,'2020-05-10 13:21:20'),(619,68,1,'Sed labore id voluptatum quibusdam qui molestiae. Illo ipsam doloribus id qui dolor corporis nulla sint. Vitae dolores dolores impedit dolor esse dolorum non. Qui dolore quam non deleniti.',0,1,'2020-04-23 10:13:07'),(620,4,14,'Dolorem iste ut debitis laudantium officia. Quos repellat cum voluptatem at. Ea aut amet ullam ipsam eos.',0,0,'2020-07-15 19:09:48'),(621,59,53,'A consequatur repellendus quis et blanditiis expedita. Corporis officiis voluptatem at aut id. Illum omnis consequatur voluptatum nihil sunt. Ipsum eum occaecati molestias nobis modi veritatis. Facere doloremque qui eos consequatur sunt.',0,0,'2020-12-20 13:04:59'),(622,88,79,'Dolorem rem tenetur consequatur suscipit eos. Vel et non est vitae ea voluptas. Totam at vero veniam dolorem autem. Ratione nobis minus incidunt officiis maxime occaecati sit.',0,0,'2020-09-14 17:28:59'),(623,30,11,'Omnis molestiae incidunt tempora fugiat sit voluptas. Quia blanditiis omnis dolor beatae.',0,1,'2020-11-04 14:12:51'),(624,68,6,'Animi delectus ipsum debitis qui sapiente. Et deleniti cupiditate omnis est odio saepe. Voluptas distinctio quis sint esse incidunt magni.',0,1,'2020-03-13 12:36:24'),(625,23,98,'Id est ut recusandae non rerum porro. Non perferendis enim corrupti dicta. Dolor ea vel ut nesciunt voluptatum sit.',0,0,'2020-08-02 23:44:17'),(626,19,100,'At recusandae laborum reiciendis nisi possimus qui ipsum. Fugiat recusandae aut tempora cum laudantium.',0,1,'2020-10-19 06:52:58'),(627,44,20,'Velit sint et sit dolores qui molestias error fugiat. Unde adipisci earum ut occaecati sunt. Et voluptatem alias autem culpa est omnis dolorem.',1,0,'2020-09-18 12:36:54'),(628,66,70,'Similique modi sapiente qui. Nobis accusamus dolorem error quasi. Ullam cum reprehenderit omnis consequatur aspernatur dolorem ex. Distinctio dicta ratione laudantium.',1,1,'2020-03-25 10:35:46'),(629,51,44,'Et exercitationem error autem a tempora et voluptas. Qui fugit numquam perspiciatis in incidunt. Ut voluptas aperiam dolorem commodi ut esse velit.',1,0,'2020-11-18 05:13:53'),(630,69,12,'Ratione consectetur ut accusamus deleniti. Eius et et modi velit qui reiciendis veniam. Delectus qui doloribus et et quia pariatur soluta quo.',1,1,'2020-10-03 13:27:37'),(631,53,27,'Inventore in fuga explicabo delectus ad. Consectetur repudiandae sit quasi a. Quisquam in quos eaque voluptate praesentium eaque.',0,0,'2020-04-26 01:15:18'),(632,74,92,'Praesentium quibusdam rerum id similique. Aliquam odio consequatur qui voluptatem omnis. Ea dignissimos sapiente est animi temporibus ut cum.',0,0,'2021-01-18 22:11:31'),(633,36,4,'Iusto cupiditate voluptas quia voluptas quae non. Placeat consequuntur est ea voluptate omnis. Molestias id mollitia ut quia perferendis illum. Dolorem ipsum quibusdam labore corporis placeat ratione.',1,1,'2020-08-31 21:10:54'),(634,11,44,'Praesentium laborum quis laborum et dolore. Quia accusantium provident modi dolorum nemo accusantium et. Et magnam vitae et qui quo cum rerum.',0,1,'2020-12-13 19:55:36'),(635,85,91,'Soluta et voluptate vel nostrum. Dolorem ut ea adipisci quod pariatur aut inventore. Nostrum et ea ea cupiditate quia nobis. Deserunt voluptatem repellat nostrum nihil ipsa modi optio.',1,0,'2020-12-22 03:57:20'),(636,100,26,'Rerum non non facilis natus necessitatibus nulla ut inventore. Et rerum et repellendus dolorem. Maiores repellendus iusto sit dicta laudantium. Minima esse minus sint.',1,0,'2020-07-04 20:57:50'),(637,28,64,'Minima ipsam voluptates consectetur quaerat est veniam placeat magnam. Officia omnis tempora sed voluptatem accusantium. Autem voluptatem quaerat architecto est aut reiciendis odit cum.',1,0,'2020-06-04 02:10:50'),(638,34,79,'Natus dolorum modi magni suscipit aut molestiae iusto. Velit qui consectetur eligendi perspiciatis voluptas repudiandae. Nemo est ipsum fugit aliquam. Dolores odit autem odio.',1,0,'2020-05-11 02:20:44'),(639,91,18,'Laudantium ea aut sit sapiente neque quam sapiente. Est natus et sunt ab omnis hic. Provident fuga quia assumenda dolor doloribus ut ullam sunt. Eius accusamus quae rerum nobis et ea ut.',0,1,'2020-12-18 05:00:02'),(640,16,25,'Voluptas et laborum est illo voluptatum animi. Voluptatum rerum assumenda consequatur amet voluptate. Laudantium magni debitis modi tempore consectetur et aut.',1,1,'2020-07-25 07:48:24'),(641,75,3,'Temporibus sunt illo pariatur nobis numquam tempore. Qui quis et deserunt vitae sit voluptatem. Ullam sit voluptatem nihil voluptatum et.',1,1,'2021-01-13 19:31:26'),(642,88,30,'Debitis saepe sequi voluptatum quod blanditiis omnis repellat. Et doloribus et quia aliquid tempore sequi nemo a. Suscipit maiores eos voluptas accusantium ipsum quae at.',1,0,'2020-06-21 12:27:56'),(643,85,36,'Quo velit commodi non. Qui modi mollitia soluta iusto labore cum aperiam voluptate. Beatae beatae error excepturi.',0,0,'2020-08-08 18:30:52'),(644,23,6,'Beatae est debitis et possimus. Architecto quidem et laboriosam omnis ipsum error et. Est est beatae sit quaerat.',1,0,'2020-04-17 10:31:02'),(645,60,84,'Dolor et porro itaque quia vero sapiente. Consequatur aut quia enim aliquam cumque. Voluptate veritatis alias blanditiis id. Aspernatur molestiae occaecati excepturi praesentium.',0,1,'2021-01-30 02:27:28'),(646,39,43,'Est cumque odit officiis et illo ipsa. Sit commodi voluptatum vitae atque id unde. Ipsum odit deleniti dolor optio ullam nihil aspernatur.',0,1,'2020-10-18 06:18:05'),(647,96,50,'Ut quidem id veniam iure ipsam est quas. Sed quidem consequatur ab et. Est eos omnis soluta dolorem. Magni accusamus qui sed molestiae quis illum ut.',0,0,'2021-02-14 18:21:51'),(648,62,59,'Debitis voluptatum neque omnis autem facilis assumenda. Illum dicta quod et eum enim debitis blanditiis quasi. Est ut magni quisquam nam.',0,1,'2020-06-04 20:28:01'),(649,11,76,'Sed totam laborum nesciunt vel totam provident. Labore quo et blanditiis. Sit aut inventore nobis repellendus qui esse ut.',1,0,'2020-08-01 03:14:46'),(650,48,11,'Nesciunt voluptas nobis dolore nostrum commodi harum quo. Deserunt dolores cupiditate enim in amet. Eveniet voluptatem ipsam omnis.',0,1,'2020-05-31 01:48:50'),(651,12,26,'Ut non quisquam porro suscipit sed velit optio. Optio earum non laboriosam ducimus cum consequuntur ut. Nulla accusantium voluptatibus repellat occaecati veritatis quos. Laborum ut unde harum illo cumque voluptatibus.',0,0,'2020-02-26 13:40:43'),(652,92,81,'Expedita nulla aut vero commodi beatae dolorum. Deserunt corporis officiis nihil similique sunt eos nihil. Asperiores culpa commodi consequatur magnam id adipisci.',0,1,'2020-03-30 02:16:36'),(653,31,11,'Et fuga laudantium quia hic labore necessitatibus aut. Modi dolore corrupti reiciendis in. Perferendis est architecto fuga debitis rerum inventore commodi.',1,0,'2020-03-23 00:38:57'),(654,61,69,'Vel et aut alias rerum aliquam vero. Et quos quibusdam odit est nesciunt nisi molestias. Blanditiis ut quasi unde pariatur quis sit aut quis.',1,1,'2020-04-12 13:45:41'),(655,65,16,'Molestiae dignissimos sed voluptas illum. Ut nostrum eaque qui incidunt. Possimus iste nulla id.',0,1,'2020-04-13 14:24:23'),(656,85,76,'Dignissimos quas cum commodi et aspernatur. Quasi doloribus voluptas voluptates nobis omnis facere optio voluptatem. Tenetur nostrum omnis fugiat. Qui quia delectus est ea eveniet facilis ipsam est.',0,1,'2020-08-30 11:32:31'),(657,25,98,'Ut tempore hic magni et est sit. Commodi praesentium nulla in quibusdam et. Numquam quia itaque nesciunt. Tempora amet repellendus et vero molestias laudantium est.',1,0,'2020-02-17 10:14:15'),(658,14,76,'Reprehenderit quibusdam corrupti dolorem quaerat. Aliquam autem velit minus facere fuga non. Aspernatur rerum eligendi vitae.',0,1,'2020-03-14 05:27:27'),(659,35,48,'Commodi est quas est est quod. Officiis quibusdam nulla ut rerum dolorem ipsam autem mollitia. Ad animi tempore error sint non.',1,0,'2020-07-26 22:12:58'),(660,33,20,'Est exercitationem sit libero maxime ut aperiam. Quia labore omnis ut aut earum eos. Corrupti aut unde voluptatem doloremque eaque non dolores.',0,0,'2020-10-11 10:13:17'),(661,100,41,'Est ullam repellendus ad quam sit quasi a voluptas. Nobis et expedita aliquam sequi. Eligendi vel ea at sequi dignissimos.',1,0,'2020-06-14 15:21:14'),(662,5,3,'Aperiam itaque minus ex ea reiciendis. Voluptate et cupiditate debitis alias voluptatem. Eius eveniet non amet veritatis quo. Velit laboriosam quia accusantium dolorum.',0,1,'2020-08-12 21:40:08'),(663,97,76,'Voluptas aliquid aperiam maiores explicabo laboriosam earum dolores aut. Esse similique eum beatae eum non eligendi amet. Est error ea corrupti. Qui unde dolor sit voluptatem. Dolor suscipit dolor aspernatur et.',1,1,'2020-11-16 17:26:33'),(664,87,7,'Nostrum dolor molestias ut reiciendis. Commodi debitis ipsum commodi non. Quia sed explicabo porro facere sit et inventore omnis.',1,1,'2021-01-10 22:30:33'),(665,74,51,'Aut eos corporis aliquid natus. Quo libero sed et exercitationem error esse eius. Incidunt nam ut eos ea sunt. Quaerat quibusdam eum sit. Quas voluptas dolor consequatur.',0,1,'2020-10-24 23:23:08'),(666,29,91,'Rerum et quam nostrum velit. Repudiandae nihil neque est reiciendis inventore itaque. Fuga aut esse sunt velit ducimus.',0,0,'2020-09-04 03:39:37'),(667,70,75,'Iste voluptate laboriosam doloremque mollitia. Et doloremque molestiae quo. Rerum itaque eius sequi laboriosam molestiae. Adipisci laboriosam eaque repellendus alias repellat esse officiis.',1,0,'2020-12-24 15:44:27'),(668,65,99,'Minus earum qui dolore soluta qui est temporibus. Labore qui totam velit qui voluptatibus modi. Fuga occaecati quod dignissimos sapiente.',0,1,'2020-02-25 18:37:52'),(669,98,95,'Eius non dolore natus nemo harum assumenda. Aliquid consequatur illo magni voluptatibus modi dolores voluptate ipsam. Praesentium nulla sit magni id et voluptatem. Aspernatur voluptas perspiciatis vel dignissimos aut placeat voluptas consequatur. In omnis delectus ad temporibus nisi officiis.',1,0,'2020-10-16 16:35:39'),(670,78,5,'Sed omnis consequuntur esse est. Accusamus voluptates minus esse. Rem nobis magni nam veniam porro.',0,0,'2020-10-13 09:31:31'),(671,91,38,'Ratione aliquam quis pariatur numquam quaerat dolor voluptas vitae. Molestias vero et laborum. Autem quis quam excepturi amet perspiciatis vero tempora. Perferendis minus cum at ullam libero perferendis.',1,1,'2020-09-19 08:04:19'),(672,17,69,'Rerum animi quo sequi ipsum eius. Fuga at sint vitae sint. Et consequatur inventore sit et iure iusto. Nemo qui quibusdam dignissimos ducimus aliquam.',1,0,'2020-02-24 04:01:56'),(673,96,70,'Aut possimus eius veniam cupiditate. Neque quis id dolor nesciunt accusantium in aperiam maiores. Sapiente minus dolorem sit omnis aperiam id.',0,1,'2020-07-17 21:39:21'),(674,62,1,'Voluptatem laudantium aut veritatis quod. Non adipisci dolor quo inventore dolore. Dolorum et vel qui quia et reprehenderit.',1,0,'2021-02-11 18:49:59'),(675,18,87,'Qui et earum ut ea deserunt sapiente. Quia voluptatum asperiores voluptates est. Odit quia nihil dicta deserunt dolores sit repellat sed. Distinctio eveniet quasi aut architecto ratione velit eaque.',0,0,'2020-06-21 22:51:27'),(676,79,36,'Quod dolore omnis ullam. Nam velit dignissimos explicabo harum dolor. Et nesciunt consequuntur id mollitia. Doloremque ut rerum et aut voluptatibus blanditiis labore exercitationem. Voluptas doloribus quia possimus illo id et.',0,0,'2020-03-11 11:25:09'),(677,41,95,'Amet beatae voluptate modi. Nobis dolorum aut id doloribus adipisci dolorem. Sit molestiae assumenda est. Et similique eos quis vero ipsum et sunt.',1,0,'2021-02-16 11:29:25'),(678,53,80,'Repellat qui inventore dolores adipisci. Dolores ipsam sit et quia. Illo autem neque placeat expedita cum enim saepe.',0,1,'2020-11-15 22:10:59'),(679,40,59,'Adipisci expedita numquam dolores et eum quae. Qui porro laudantium porro. Nam doloremque rem doloremque quisquam repellendus. Voluptas ut repellat aliquam libero saepe accusamus at.',0,1,'2020-11-01 18:03:06'),(680,74,92,'Sunt qui porro voluptatem qui esse eum rerum. Atque dolorem quis autem odio molestias sint nulla. Accusamus quibusdam similique aliquam reprehenderit at at. Voluptatem non iste sit accusantium praesentium quos.',1,0,'2020-09-28 23:33:32'),(681,40,22,'Impedit praesentium et nisi assumenda expedita. Consequuntur maiores aut qui accusantium. Nemo perspiciatis corrupti eius veritatis molestiae. Eum fugiat minima occaecati praesentium qui sint natus. Repudiandae ex aut ipsum fugit delectus quod.',0,1,'2020-12-17 03:33:29'),(682,89,79,'Dignissimos ut quis officiis iure perferendis inventore officiis sit. Tempore ipsum hic explicabo non. Dolor unde qui et harum deleniti. Voluptate est porro tempore est sit et ratione.',1,1,'2020-11-05 16:53:03'),(683,26,94,'Reiciendis blanditiis provident magni doloremque. Quisquam molestiae nam error quo. Nam ex est non recusandae maiores.',1,0,'2021-01-30 17:25:07'),(684,92,77,'Repudiandae et dicta provident sed aliquid aut asperiores. Deleniti non velit est omnis mollitia repellendus et. Sed numquam at repellat aut. Accusantium eum corrupti ducimus architecto est soluta.',1,1,'2020-06-09 21:45:25'),(685,9,13,'Qui architecto fugiat accusantium aliquam. Sunt ut aut earum quam. In qui exercitationem aliquam magni qui sed.',1,1,'2021-01-11 13:14:49'),(686,36,42,'Sint quod vel et et quibusdam optio ut. Accusamus omnis provident fugiat quia est voluptas inventore. Nobis eius similique enim sint.',1,1,'2021-01-02 13:45:42'),(687,1,78,'Sunt et nam numquam dolorum. Provident praesentium accusamus itaque neque earum. Esse vel consectetur est. Aliquam perspiciatis officiis ea iusto.',1,0,'2020-10-24 03:26:21'),(688,86,98,'Ipsam perferendis eos odio. Autem pariatur nostrum quidem et sint eum soluta. Nostrum labore sit porro magnam maiores aliquid voluptate.',0,1,'2020-10-01 18:23:25'),(689,31,61,'Vel repellat ratione enim ut doloribus eveniet a voluptatem. Aliquid corrupti et perspiciatis numquam ut. Dolor sed rem facere maiores et quam.',1,0,'2020-07-18 23:02:18'),(690,10,69,'Iure aut sapiente facere temporibus dolorum omnis ipsa. Quam in quo consequatur debitis est. Et velit sit corrupti et ipsum. Aut aut iusto laborum quis.',1,1,'2020-07-29 11:37:23'),(691,11,50,'Consequatur doloremque quidem quo et molestiae minus. Consectetur inventore voluptas velit a.',0,0,'2020-12-10 08:57:58'),(692,15,26,'Animi et non nisi dolorem sapiente et qui. Id officia impedit accusamus deleniti sed. Et qui odio eius minus dicta iusto facere.',1,1,'2020-08-02 07:04:55'),(693,86,49,'Assumenda et blanditiis quaerat cupiditate nobis aliquid quisquam voluptatem. Id dicta aut voluptatem dolorem.',0,1,'2021-01-28 03:38:03'),(694,89,96,'Aut dicta illo nihil. Animi qui est assumenda. Expedita a error et cum corporis.',1,0,'2020-10-03 16:23:08'),(695,14,81,'Natus rerum exercitationem accusantium provident ipsum. Sunt quisquam cumque voluptate dolores quia corporis consequatur.',1,1,'2021-01-27 10:08:37'),(696,61,63,'Eligendi consequatur perferendis nihil vel quia. Architecto voluptas labore dolorem sequi iure qui. Fugit recusandae aut facere eveniet facilis omnis.',0,0,'2020-05-01 19:31:40'),(697,31,65,'Dolorem quo reprehenderit facere quae ab et. Aut consequatur vel ea eveniet. Debitis soluta eos officia eum officia quo.',0,0,'2020-02-20 02:53:27'),(698,33,68,'Quo sit nulla rerum vitae minus. Et quia id autem voluptas odit autem cumque. Soluta totam quis adipisci et.',1,1,'2020-08-26 16:21:49'),(699,40,98,'Qui mollitia ut porro odio quidem consectetur eum. Quia adipisci dolore voluptate. Minima consectetur provident eos sed ea rem ut molestias.',1,0,'2020-12-22 00:51:10'),(700,69,51,'Molestias ut doloremque dolorum qui vitae. Nostrum voluptatibus rerum rerum quo quo dolores hic molestiae.',0,0,'2020-09-05 19:16:45'),(701,48,85,'Est quibusdam asperiores error ea quis. Eum placeat culpa suscipit rerum est quas temporibus facilis. Repellendus sed dolores architecto qui nemo quisquam in. Suscipit magnam ad fuga officia et aut qui. Repellendus et quos in sint delectus voluptatem.',0,1,'2020-05-08 21:25:46'),(702,83,56,'Officia veritatis rerum qui nesciunt impedit aliquam sequi enim. Labore error nesciunt facilis aut eligendi quae. Incidunt odit in possimus. Debitis ipsum tempore aperiam nihil exercitationem officia aut.',0,0,'2021-01-05 21:04:10'),(703,32,91,'Quo aut deserunt quisquam ut illo commodi rerum. Vel non cum accusantium repellendus labore. Fuga omnis voluptatibus possimus dolores asperiores.',0,0,'2020-05-08 02:03:51'),(704,60,24,'Reiciendis hic veniam beatae repellendus occaecati numquam. Blanditiis maxime et numquam aliquid inventore dolorem sed. Ut aspernatur ut adipisci maxime doloremque.',0,0,'2020-10-19 14:32:51'),(705,39,22,'Ab ratione laborum perferendis et voluptas rem nihil. Consequatur animi id vel excepturi. Aut voluptate atque sed consectetur enim eligendi eum. Distinctio velit amet fugit aliquid tempora.',0,0,'2021-01-12 00:21:47'),(706,94,5,'Ullam laudantium omnis eligendi neque. Explicabo mollitia illum mollitia et. Et quidem praesentium nisi ea labore distinctio. Doloremque natus ea architecto non.',0,0,'2020-03-21 03:12:35'),(707,41,89,'Magni nihil soluta blanditiis voluptatibus asperiores ut. Consequuntur nobis veniam error velit vel quas. Impedit tempore quia omnis mollitia expedita consequatur.',1,1,'2020-04-09 07:30:33'),(708,23,47,'Tempora sint saepe adipisci harum. Tenetur eos aliquid reprehenderit in voluptatem. Impedit voluptate ab sed eum ipsum. Blanditiis cum sed aut ipsam vel veniam rerum.',1,1,'2020-10-19 07:38:50'),(709,66,86,'Explicabo et tempore necessitatibus quia. Eius excepturi incidunt soluta quasi. Enim quas optio explicabo soluta. Nam a placeat eaque debitis minima rerum doloremque officia.',1,1,'2020-09-20 05:36:06'),(710,35,14,'Ut repellat voluptatem facilis voluptate enim. Ut eius aliquam occaecati ullam in. Sit deserunt sint similique in est placeat.',1,0,'2020-12-04 06:08:29'),(711,63,75,'Eos magni et explicabo unde. Saepe dolores repellendus repudiandae provident nihil dolore et. Nobis atque alias quis. Reprehenderit in cumque eveniet et provident.',1,1,'2020-10-28 08:27:04'),(712,86,4,'Deserunt autem consectetur corrupti dicta ut et. Expedita odit dolores ut ut beatae assumenda sed. Quod sequi quo sit dolorem et voluptatibus.',0,1,'2020-08-31 16:39:24'),(713,60,87,'Eos reiciendis esse sit autem explicabo adipisci. Fugit officia doloremque non. Non ut nemo voluptatum eaque praesentium provident.',1,0,'2020-09-16 21:06:59'),(714,53,7,'Doloremque mollitia velit veritatis assumenda et. Molestiae est quos aliquam fuga magnam. Ut quo adipisci nobis adipisci.',0,0,'2020-10-21 00:04:44'),(715,75,53,'Accusantium ullam ex voluptas illum veniam. Nulla velit nulla omnis quis consequatur harum. Magni exercitationem maiores est ut.',0,1,'2021-02-12 17:42:01'),(716,39,37,'Est consequatur in aut debitis aliquid. Id iusto et sequi blanditiis nostrum recusandae sint repudiandae. Ut distinctio libero id blanditiis hic laudantium atque.',1,0,'2020-08-31 00:50:06'),(717,69,30,'Officiis repudiandae minima est minima aspernatur. Facere quia sint qui tenetur totam. Ea ut reiciendis consequatur. Et et possimus est placeat magni.',1,1,'2020-10-05 21:21:44'),(718,45,34,'Numquam ut omnis sed aut nobis voluptatem. Rerum sapiente saepe impedit nobis quibusdam. Et ut eveniet rerum. Ducimus recusandae eius harum.',0,0,'2020-04-19 18:24:21'),(719,35,73,'Facilis non sed voluptatibus nostrum amet hic qui eligendi. Error eum est sunt iste qui. Sed velit omnis tempore sunt.',0,0,'2021-01-05 01:16:33'),(720,58,71,'Ducimus quia iste dolores quis. Harum aut id et est ipsa excepturi mollitia. Quod iusto nobis minima. Atque eos atque tenetur perferendis.',0,1,'2020-11-26 21:46:43'),(721,79,84,'Sed est rerum quia qui quaerat. Ipsam rerum aut qui est rerum. Non pariatur accusantium cupiditate voluptatum eaque et adipisci facere.',1,0,'2020-03-09 02:35:30'),(722,81,52,'Rerum voluptate nihil vel ut et enim. Omnis omnis ullam deleniti pariatur ut ullam minus. Earum commodi beatae ut debitis.',1,0,'2020-10-14 21:40:10'),(723,18,34,'Aut deserunt autem ut dolor assumenda architecto iusto. Laborum ut eius illo blanditiis ea nostrum. In incidunt autem et ut. Perspiciatis debitis dolorem autem cumque magnam cumque qui.',1,1,'2020-08-07 00:31:55'),(724,16,77,'Iusto eaque voluptatem repellat ex. Qui voluptatem et pariatur. Eum explicabo molestias consequuntur quidem eos quaerat. Voluptas porro quis molestiae ratione assumenda tempora numquam.',0,1,'2020-07-28 18:06:10'),(725,38,58,'Tenetur consequatur velit deserunt et. Voluptatem nulla sint aliquam.',1,0,'2021-01-29 03:37:53'),(726,77,7,'Amet sit dolorum dignissimos voluptatibus quaerat autem. Quasi maxime quasi ipsam quia reprehenderit. Ea eos officiis molestias est nemo aut.',1,0,'2020-06-28 10:10:49'),(727,5,2,'Perferendis culpa beatae provident blanditiis ut rem. Qui tempora iste dolor saepe sint. Esse quis ut non necessitatibus doloribus ad quos.',0,0,'2020-10-16 04:55:41'),(728,97,78,'Et amet ea impedit nostrum et vel. Dolores aut asperiores aut natus quidem esse unde quo. Aut et quia quod omnis veniam dicta.',0,1,'2020-10-01 04:09:36'),(729,97,51,'Illo explicabo nam quibusdam aut. Esse dolores vel est totam doloribus. Excepturi magni mollitia quia vitae beatae rerum nihil explicabo.',0,0,'2020-07-16 16:45:26'),(730,62,59,'Aspernatur quo beatae itaque a id. Dolorum voluptatem eos dolores facere optio. Iste sapiente non qui provident officia mollitia aut qui.',1,0,'2020-04-04 22:42:05'),(731,8,61,'Et harum maiores odit eum officiis quam. Velit reiciendis est modi qui. Necessitatibus et repellendus perspiciatis.',1,0,'2020-06-03 13:12:12'),(732,83,30,'Necessitatibus rem ex praesentium dolores. Similique pariatur voluptate dolores eveniet facere optio. Consequatur doloribus tempore est.',0,1,'2020-10-22 00:53:40'),(733,2,19,'Ut voluptatem voluptatem aut assumenda maiores. Magnam expedita ut rerum aut natus itaque magnam ad.',1,1,'2020-06-12 01:29:50'),(734,89,89,'Voluptas unde quia perspiciatis quae eum sit. Quos possimus cumque nobis commodi animi veritatis velit. Culpa nulla iste inventore autem incidunt quia cumque laborum. Quasi ut est quis quia.',1,0,'2020-11-17 00:04:39'),(735,75,8,'Quia nihil nisi quasi ea in. Sapiente neque repellendus pariatur omnis necessitatibus. Libero voluptatum qui ipsam eum nihil cumque sint. Nisi quia iure in ab qui quis autem ut. Occaecati voluptatum delectus dolores eaque eos et fugit.',0,0,'2020-11-15 10:26:44'),(736,14,44,'Totam at labore dolores. Commodi laborum sit quidem debitis. Sint eos dolor et optio.',0,1,'2020-10-07 01:13:13'),(737,79,62,'Dolor numquam et ea. Suscipit iusto laborum laudantium rerum cupiditate possimus temporibus mollitia. Nostrum rem velit et unde.',1,0,'2020-10-17 21:30:09'),(738,74,81,'Ea aliquid placeat reprehenderit ut minus fugiat libero. Quidem aliquid enim suscipit doloribus repellat voluptates sapiente. Veniam quasi necessitatibus mollitia quos quibusdam suscipit. Temporibus asperiores ut odio modi eos tempore.',0,1,'2020-05-06 11:59:08'),(739,83,70,'Nisi maxime hic fugiat pariatur. Ullam porro neque sit possimus fugiat nemo. Omnis repellendus aut quo fuga deleniti laborum est tempora.',1,1,'2020-04-12 14:01:10'),(740,3,5,'Doloribus officiis et natus vel consequatur odit. Fugit et itaque delectus. Et dolores eligendi totam.',1,0,'2020-11-15 23:14:20'),(741,14,56,'A non ullam officia repellendus. Nisi cum corrupti nemo repudiandae maxime voluptatum. Maiores laboriosam ut voluptas.',1,1,'2020-03-18 20:18:16'),(742,39,23,'Eius nihil ipsam nihil aliquid quo cupiditate cupiditate. Cupiditate ipsam unde totam quo.',1,1,'2020-11-14 19:50:13'),(743,1,33,'Qui et rem accusamus amet voluptatibus qui. Rerum quidem est amet ut fugiat ratione pariatur. Perferendis tempore vitae ullam reiciendis suscipit qui sed. Deleniti nihil quod dicta facilis sed voluptatem quaerat.',1,1,'2020-10-13 18:26:54'),(744,62,12,'Optio enim quas molestiae reprehenderit. Sint omnis cupiditate impedit explicabo reprehenderit. Asperiores ad hic veritatis dolorem. Et mollitia omnis iure est nobis adipisci.',0,0,'2021-01-11 06:31:11'),(745,72,26,'Vel placeat autem veniam unde dolor. Inventore ut fugit eaque ad aliquam tempora. Rem in eaque et cum voluptatem.',1,0,'2020-12-03 06:15:36'),(746,11,78,'Iure molestias voluptatem corrupti est. Recusandae dolor rerum fugiat vero et dolorem. Et at laboriosam in nisi et iste.',0,1,'2020-11-28 15:30:38'),(747,57,49,'Aut optio fuga libero molestias reiciendis. Quaerat quo quaerat pariatur perferendis quia. Dolor rem nisi molestias qui quibusdam quae.',0,1,'2020-09-27 18:08:27'),(748,74,25,'Quia sed laborum excepturi minus. Qui rerum qui culpa libero ut. Repellendus consequuntur sit ad sit. Vel sit et iusto repellendus neque et. Possimus aspernatur quia qui molestiae.',0,0,'2020-12-10 22:31:24'),(749,99,21,'Enim ut facere eveniet aut. Qui sint quia ipsam aut. Dolorum neque sapiente quia perspiciatis.',0,0,'2020-03-27 20:18:16'),(750,6,67,'Molestiae aliquam sequi nobis deleniti. Architecto magnam earum doloremque quia et. Explicabo doloremque est dolor id ut dolorem. Repellat temporibus quia excepturi qui possimus libero et laboriosam.',0,0,'2021-01-23 18:45:22'),(751,18,88,'Illum molestiae tempore perferendis tempore. Eos et molestiae temporibus quod nulla qui. Corrupti earum temporibus dolor dolores distinctio. Dolores unde voluptas optio eum error.',1,0,'2020-10-16 09:28:43'),(752,86,66,'Temporibus ut accusantium iusto. Sunt suscipit animi saepe iste sint. Ipsa quasi ut quidem laboriosam omnis consequatur ut. Voluptatem impedit nobis quia sed perspiciatis itaque.',0,0,'2021-02-12 04:30:29'),(753,72,61,'Reprehenderit numquam quibusdam incidunt veritatis consequatur velit incidunt. Aperiam laudantium dolores itaque maiores molestias qui. Magni rerum et omnis molestiae vitae tempore reprehenderit. Magni dolorem quia animi eum quaerat.',0,1,'2021-01-15 08:18:18'),(754,87,54,'Soluta pariatur harum itaque sint at. Numquam rerum corporis vel saepe libero labore quia explicabo. Nihil nobis possimus quis iusto expedita voluptates molestiae ad. Odit in est ullam non quaerat. Esse sed voluptatem qui.',1,1,'2020-07-02 10:15:33'),(755,8,79,'Dolor nisi eos itaque eligendi ab sit et. Consequatur odio cumque qui laborum. Nihil est dicta ratione natus odit tempore dolor. Consequatur nemo ea et minima ipsa ducimus.',0,0,'2020-05-24 07:31:21'),(756,68,4,'Ut voluptatem vel necessitatibus. Id nihil dolore cum qui. Deleniti qui aliquid alias nihil ullam ut modi.',0,1,'2020-04-18 19:43:48'),(757,15,65,'Ab et dignissimos autem ullam incidunt. Optio est cupiditate voluptatem nihil ratione. Dolor labore ut eius deserunt quia.',0,0,'2021-01-10 19:51:51'),(758,76,86,'Aperiam inventore voluptatem aut beatae. Voluptatem omnis est sed deserunt et voluptas. Accusantium id sint sint qui itaque.',0,0,'2020-06-09 21:36:53'),(759,2,53,'Nesciunt alias qui perspiciatis et quia nesciunt veritatis nam. Accusantium voluptatem maxime ab numquam illum quia quo. Doloribus et enim doloremque molestias animi maxime voluptas.',1,1,'2020-12-23 19:34:30'),(760,55,19,'Quidem voluptas error est. Molestiae illo natus ipsum voluptatem. Corporis voluptates et consequatur vel eum eligendi ad.',1,1,'2020-04-10 12:03:06'),(761,26,76,'Cumque sequi est tenetur reprehenderit. Similique vel sunt velit quasi ipsam aut rerum.',1,1,'2020-12-02 18:07:49'),(762,100,70,'Fugit eum exercitationem ut. Quidem id recusandae numquam numquam saepe. Cum voluptatem velit et sed doloremque necessitatibus iste. Omnis et occaecati alias vero.',1,1,'2020-04-20 16:45:03'),(763,50,41,'Consectetur autem iusto velit quas deserunt. Illum qui amet laborum veritatis optio. Aperiam vitae eum voluptates voluptatem.',1,0,'2020-07-16 09:52:16'),(764,52,39,'At totam omnis ullam sint quos dolor. Minima nemo vel quo iure et consectetur ab eius. Saepe officia sed aut. Facilis omnis dolorem beatae quo.',1,0,'2020-10-22 23:23:54'),(765,40,79,'Consequatur exercitationem qui mollitia quisquam consequatur quod nobis. Ut possimus sapiente laboriosam quo quae. Voluptas nihil corrupti facilis ad. Consequatur quasi doloremque ut debitis eaque id.',1,0,'2020-10-29 23:00:09'),(766,75,38,'Quaerat asperiores ab est cumque veniam. Sed et enim ullam ea. Perspiciatis omnis ad at sed ipsum perferendis. Illum quia sint et pariatur in ea iste iste.',1,1,'2021-02-15 18:36:38'),(767,66,13,'Qui omnis porro sequi harum esse quam possimus. In quis sed natus. Temporibus incidunt minus qui a est.',1,1,'2020-07-10 07:27:18'),(768,69,6,'Quaerat delectus expedita ab est. Est fugiat necessitatibus aliquam doloribus saepe accusamus molestiae dolorem. Vel cumque eligendi vitae possimus temporibus suscipit ut reprehenderit.',1,1,'2020-10-22 22:13:32'),(769,22,91,'Sed debitis quisquam odio inventore. Voluptatem beatae omnis architecto porro pariatur quidem quas ea.',0,1,'2020-06-15 13:28:04'),(770,89,72,'Aut veritatis ullam animi magni quo. Mollitia voluptatibus et exercitationem. Et optio dignissimos optio voluptas necessitatibus.',0,1,'2020-07-19 03:01:50'),(771,93,49,'Voluptas et eaque quia. Suscipit voluptas suscipit facilis. Reprehenderit temporibus laboriosam a ut.',0,0,'2020-09-01 16:13:51'),(772,67,85,'Harum nihil a et porro et est et. Repellendus corrupti quos iure nostrum ab. Rerum est rem aut aperiam dolores perferendis.',0,0,'2021-01-10 12:20:43'),(773,23,62,'Et ipsa et labore laboriosam non aliquid voluptatem. Aut optio voluptatem veniam asperiores voluptatem voluptates fugiat. Non esse labore tempore tempore ut culpa. Soluta dolorum eos non omnis. Consequatur consequuntur alias quisquam sapiente recusandae cum in.',0,1,'2021-01-23 07:32:34'),(774,40,11,'Aliquid qui et laudantium non. Tempore quisquam dolorum mollitia explicabo et inventore perferendis. Consequatur corporis nemo quas in ut expedita qui.',1,1,'2020-06-13 09:47:21'),(775,36,47,'Rem harum voluptatem possimus impedit error error in. Maxime aliquam quisquam doloremque numquam molestiae similique sapiente. Et sint fugit atque accusantium. Id qui illum deleniti ut quia tempore.',0,1,'2020-03-11 01:35:24'),(776,26,90,'Ut et perspiciatis natus sed. Omnis dolores ut qui consequatur placeat qui. Assumenda dicta aut assumenda minus.',0,1,'2020-11-18 08:37:13'),(777,71,82,'Ea occaecati natus est natus ex qui. Voluptas quia aperiam perferendis iusto. Rerum sed sed eligendi.',1,1,'2020-07-07 13:05:24'),(778,98,45,'Laudantium sequi nihil expedita et. Ipsum nesciunt qui similique fugiat enim quia vel. Ipsum ut voluptas natus possimus deleniti.',0,1,'2020-02-23 00:50:43'),(779,31,19,'Itaque velit culpa assumenda labore praesentium magni consequatur. Magni deleniti sit error consectetur aut sapiente maxime.',0,1,'2020-06-27 03:52:14'),(780,100,43,'Molestiae qui cum itaque natus. Voluptatum saepe et laudantium ut. Enim et temporibus non. Quis debitis velit quia recusandae sapiente dolores voluptatem.',0,1,'2021-01-22 10:26:34'),(781,13,38,'Voluptas nihil modi dolorem possimus. Aut est id veritatis sed assumenda et enim. Rerum dolore porro ut qui autem rerum. Atque officia qui necessitatibus animi eveniet odit dolore.',0,1,'2020-08-20 04:44:21'),(782,52,42,'Porro non sit atque. Voluptatem veritatis facilis blanditiis neque et voluptas quia. Assumenda ab iste incidunt incidunt officiis quidem id. Aut nemo dolore consequatur nemo mollitia voluptas. Itaque ratione maxime veniam deserunt autem id numquam.',0,1,'2021-02-05 16:11:40'),(783,57,56,'Sapiente in qui eum aliquid quis tempore. Est mollitia voluptas hic. Ex nemo deserunt mollitia id.',0,0,'2020-06-24 13:53:35'),(784,11,84,'Eum ipsum quo numquam corrupti quisquam. Dolores ex non blanditiis sit molestias. Voluptatum quos pariatur quae expedita rerum saepe.',1,1,'2020-03-28 07:54:31'),(785,89,91,'Esse esse ipsa possimus qui sapiente. Perferendis aspernatur dignissimos et optio perspiciatis et natus. Vero quibusdam quas quis qui nobis sequi voluptatem tempora. Iure adipisci vel quo. Aut pariatur enim porro similique nulla aut quo.',1,1,'2020-08-02 00:46:06'),(786,87,60,'Sint aut unde iusto et et reprehenderit suscipit dolorem. Beatae mollitia deserunt consequatur minus officiis. Quidem laborum in non. Ut quibusdam quis culpa provident voluptates accusantium a cum.',1,1,'2020-04-26 05:38:14'),(787,40,20,'Maiores maiores temporibus consequatur doloribus et deleniti modi officia. Velit aliquid qui hic voluptatem inventore ut et. Enim provident odio nihil hic. Voluptatibus quas quae labore placeat ut facilis nam.',1,0,'2020-08-10 17:52:22'),(788,79,33,'Eaque temporibus cum nobis. Voluptatem voluptates earum corrupti sit eius cum. Incidunt eos sit iste cupiditate minima consequuntur. Consequatur impedit qui consectetur necessitatibus. Quia consequuntur aut quia at beatae atque culpa.',1,0,'2020-10-07 05:52:48'),(789,28,39,'Explicabo accusamus neque et voluptatum iusto architecto odit. Est facere et harum culpa consequatur consectetur.',0,0,'2020-09-01 11:25:55'),(790,12,41,'Facere nobis eos eum odio in accusamus sit. Rerum voluptatum quis laborum quo sed nesciunt. Et et aut tempore. Quidem culpa doloremque voluptas officia excepturi qui corporis.',1,0,'2020-10-28 07:30:30'),(791,69,20,'Et nobis tenetur ex aut nobis eos rerum ea. Dolorum voluptatem rerum nihil asperiores libero. Ea et a ut asperiores. Quisquam saepe ut et quisquam. Est ut rem quis.',0,0,'2020-06-30 19:17:58'),(792,93,4,'Ad atque hic non sit consequatur officia. Fuga voluptatem excepturi amet. Quos quod ut ratione et corporis itaque suscipit. Voluptates facilis dolor corporis unde dolore.',0,1,'2020-10-25 06:51:39'),(793,39,85,'Maxime voluptas nostrum ex ab. Dolor dolore animi magnam in eum voluptatem. Nulla in saepe qui iure at laudantium.',0,1,'2020-10-03 08:22:09'),(794,6,74,'Sunt quas debitis facilis impedit omnis et error. Dolores adipisci eaque deserunt velit quidem similique aliquam.',1,0,'2020-04-11 05:53:15'),(795,54,46,'Eos in accusantium aperiam placeat repellat sunt. Harum sint aut magnam harum ut. Nesciunt cupiditate voluptatem expedita commodi eligendi modi maiores necessitatibus.',0,0,'2020-06-14 21:44:13'),(796,67,95,'Dolores et dolorem aperiam magni. Odio voluptatem et expedita ut. Aut qui quaerat quia nihil quia rerum.',0,0,'2020-04-13 17:48:33'),(797,76,92,'Error quia repellat quasi autem repudiandae voluptas id. Rerum et recusandae reprehenderit laborum doloribus vel iste. Distinctio omnis aspernatur rerum veniam qui ut.',1,1,'2021-01-25 16:44:00'),(798,33,86,'Qui vero quae quo beatae ullam quis qui est. Et amet amet eius omnis tenetur libero. Dolor saepe ullam adipisci repudiandae aut dicta. Sunt iusto necessitatibus ipsam.',1,0,'2020-09-11 13:18:05'),(799,34,11,'Doloribus numquam fugiat iste fugit ut voluptates. Laudantium quidem rem voluptates qui dolorem accusamus. Doloremque voluptate debitis culpa laborum culpa qui molestiae. Animi repellat laudantium laboriosam voluptatem sit excepturi sit et. Esse rem ut incidunt modi odio autem ea.',0,0,'2020-05-14 03:09:21'),(800,51,22,'Quam voluptatum assumenda perspiciatis aliquam veniam cupiditate assumenda. Enim explicabo quaerat vero voluptas velit quaerat. Dolorem qui culpa eius tempore non.',1,0,'2020-06-27 01:44:23'),(801,59,26,'Nam est id quos fugiat rem veritatis. Illo aut fuga ut dignissimos atque dolorem explicabo. Et est et aliquam corporis. Reiciendis reprehenderit unde facere tempore velit fuga aut.',1,1,'2021-01-23 17:07:28'),(802,51,80,'Harum eos iusto deleniti aut et molestiae. Non quibusdam quia sint aut accusamus. Enim repellendus facere eum quas sapiente fugit. Maxime voluptas expedita quia consequuntur.',1,1,'2020-10-27 01:47:20'),(803,43,77,'Repellendus dicta totam veniam autem voluptatem. Numquam ipsam placeat consequatur aperiam et enim aut. Modi id eligendi quis quae. Voluptatem labore adipisci vel doloremque nihil.',1,0,'2020-12-16 18:50:16'),(804,55,42,'Et iste ullam accusantium sit et suscipit harum. Voluptas dicta in alias veniam suscipit. Tenetur ad aut harum impedit veritatis maxime voluptates.',1,1,'2020-04-07 18:23:24'),(805,47,6,'Quia minus nam totam quidem. Provident debitis quia omnis tenetur nemo. Illo deserunt aspernatur eos quia ratione.',1,1,'2020-10-25 03:34:57'),(806,88,21,'Eius quidem tempore culpa harum quibusdam et. Explicabo eaque iusto aliquam dolor itaque velit omnis. Nesciunt expedita modi animi minus voluptatum voluptates.',0,0,'2020-07-12 23:53:17'),(807,40,39,'Hic qui qui sed illo officiis architecto. Porro temporibus minima sapiente ea est. Libero qui voluptatem iure a hic qui.',1,0,'2020-09-11 19:57:56'),(808,73,48,'Enim temporibus officiis ratione tempore laudantium ullam eum. Quos dolore non cumque aut. Illo eligendi ab modi quis architecto quasi.',1,0,'2020-05-06 09:38:24'),(809,22,63,'Laboriosam at iure occaecati. Provident sed ut voluptate ullam quibusdam. Ad et et est praesentium aut aut voluptas.',1,1,'2021-01-01 07:17:33'),(810,49,57,'Velit quis ipsum deserunt qui est beatae ut. Molestias suscipit facere quo. Ea ratione quia fugiat aut aut quia voluptatem.',0,0,'2020-10-17 07:15:35'),(811,37,12,'Necessitatibus adipisci eum enim aut nostrum aut accusantium. Eveniet odit quas sunt provident totam architecto nihil. Saepe omnis rerum est consequuntur tempore.',0,1,'2020-04-14 17:25:39'),(812,49,7,'Totam a quod aut temporibus. Distinctio error ea voluptatem qui.',1,1,'2020-11-25 12:20:26'),(813,90,30,'Dignissimos alias et recusandae. Et nam esse et autem officiis ipsa. Et est est voluptatibus quo dolore sequi.',0,1,'2020-10-16 20:17:26'),(814,76,92,'Facere ipsum atque laboriosam iure. Ratione assumenda est voluptas quia aut harum cum doloremque. Animi dicta sapiente iste sapiente ut a dolorem repellendus. Nulla et amet harum.',1,0,'2020-06-16 15:45:27'),(815,29,71,'Qui dolor fuga quae nostrum quis. Atque commodi corporis dolor. Voluptas natus magnam laudantium quisquam adipisci eveniet sint.',1,0,'2020-11-05 21:21:53'),(816,66,19,'Officia doloremque reprehenderit est aut. In tempora voluptas eligendi. Quaerat sint quo et qui enim.',0,1,'2021-01-06 13:35:43'),(817,95,17,'Numquam in autem ut rerum deleniti porro. Blanditiis est at dolore aut. Dolor recusandae repellat sit vero debitis. Omnis facilis qui explicabo molestias repellendus.',1,0,'2020-09-06 08:57:20'),(818,1,52,'Labore temporibus dolorem veniam facilis ad labore at. Similique sapiente et vitae consectetur voluptatem modi. Aliquid nisi corporis provident veniam tempora. Qui nobis dolores veritatis necessitatibus ipsam esse ipsum et.',0,1,'2020-03-26 16:22:14'),(819,58,35,'Dolores totam necessitatibus nemo quae. Quo officiis voluptates dolores iusto. Soluta nostrum itaque nihil quia excepturi sed.',1,1,'2020-09-27 05:46:05'),(820,97,83,'Magnam libero magnam molestiae dignissimos. Et dolorem quas quas et soluta velit molestiae. Est aut omnis possimus dolor magni suscipit ut.',0,0,'2021-01-24 23:36:19'),(821,21,56,'Quo earum ipsa et ut velit odio quo. Est adipisci non reiciendis velit officiis rem voluptates est. Natus doloribus delectus corporis quisquam. Id vel distinctio facilis inventore qui voluptas rem.',1,1,'2020-08-02 00:24:27'),(822,17,16,'Doloremque ab aut rerum consequuntur saepe nesciunt ab. Ullam corrupti saepe assumenda. Eaque quae iusto aut.',0,0,'2020-11-07 18:25:54'),(823,30,3,'Quas non est ea voluptates beatae ex. Numquam porro autem omnis provident deserunt voluptatibus labore. Rerum nisi officiis doloribus blanditiis quis repellat alias.',1,0,'2020-11-28 20:11:39'),(824,21,97,'Sit qui eum voluptatem ea illum atque. Velit impedit tempora voluptas esse numquam sint.',1,0,'2020-11-23 12:02:44'),(825,23,22,'Ducimus dolorum corrupti minus eum adipisci consequatur porro facere. Porro qui est dolores occaecati deserunt sit reprehenderit. Atque tempore occaecati omnis aspernatur quo deleniti.',1,0,'2020-10-31 08:03:08'),(826,39,31,'Rerum eligendi nemo culpa expedita qui et. Aut qui dicta rem est reprehenderit. Sint nulla deleniti enim quia. Aliquid quia rem quae aut. Et dolorem soluta eos consequatur consequatur voluptatum hic.',1,0,'2020-03-19 09:13:48'),(827,37,93,'Tempora unde maiores reiciendis excepturi qui. Sed dolore est tempora distinctio culpa. Nihil officiis enim quae voluptatem voluptate laborum. Exercitationem rerum corrupti modi in laudantium.',0,1,'2020-03-29 21:19:13'),(828,50,73,'Hic tenetur pariatur ex. Consequatur corrupti libero et sed rem voluptatem nisi. Minus sed odio non illum qui sit.',1,0,'2021-02-13 23:31:41'),(829,13,45,'Placeat sint ut tempore debitis. Non optio architecto ut sed error. Asperiores tempore natus sequi reprehenderit distinctio dignissimos provident. Amet et corrupti quasi laborum voluptas tempore consequuntur.',0,0,'2021-02-11 14:15:54'),(830,87,97,'Voluptatem vitae ut possimus esse odio asperiores est. Itaque doloremque omnis non unde harum temporibus. Odit ea eos est at porro ea.',0,0,'2020-02-27 21:15:38'),(831,26,36,'Debitis illo et numquam aut enim fugit. Magni consequatur omnis eum et. Et dolor architecto est pariatur.',1,0,'2020-06-09 10:38:41'),(832,4,11,'Aut aliquid odit et dolores eius sit incidunt dolorum. Necessitatibus quia neque omnis quasi impedit at aut. Maiores optio qui quis repellat sint ducimus doloremque voluptatem.',0,1,'2020-08-25 15:20:44'),(833,43,79,'Itaque facilis eius voluptatum natus. Aut deserunt fugit nihil aspernatur.',0,1,'2020-09-05 07:06:57'),(834,67,98,'Magni est natus maxime et. Ullam perferendis necessitatibus sequi repellat officiis cum. Iusto doloribus asperiores numquam vitae aliquid nihil adipisci repudiandae.',1,0,'2020-05-06 16:42:54'),(835,86,37,'Perferendis dolorum est eos corporis est. In ipsam neque officia dolor exercitationem est. Dicta modi omnis cum amet omnis velit.',1,1,'2020-04-02 19:11:16'),(836,28,27,'Voluptatem voluptas qui voluptatum ipsam id. Nemo numquam qui qui ea unde. Expedita aspernatur ab dicta consequuntur adipisci quia laborum.',0,0,'2020-06-28 02:52:32'),(837,50,69,'Nihil eaque quidem reiciendis dolorem. Voluptatem ut eveniet suscipit magni adipisci numquam. Nobis voluptatem repudiandae quia et deserunt laborum.',0,1,'2020-08-27 04:33:45'),(838,94,62,'Quidem et adipisci voluptatem in. Doloribus voluptas architecto quaerat dolor est. Et accusamus dolor ut eos nobis sit ducimus.',0,0,'2020-05-06 07:09:17'),(839,29,57,'Repellendus itaque corrupti fugit voluptas quis vero optio voluptate. Nihil aliquid delectus quia sit. Aut explicabo id laborum aut fuga debitis vitae.',0,0,'2020-08-03 08:28:42'),(840,99,22,'Ullam non qui voluptatem. Qui rem aut repellat deleniti et eos. Omnis veritatis veniam aut consequuntur ut id. Sunt praesentium recusandae doloribus ipsa et placeat qui. Aut distinctio repellat eligendi veritatis quae possimus.',0,1,'2020-05-09 18:11:40'),(841,14,2,'Et quasi et voluptate. Vero quia et est repudiandae labore debitis. Eius et non maiores. Autem placeat dolorem repudiandae qui eum alias eligendi.',1,1,'2020-09-19 19:18:37'),(842,68,33,'Dolorum rerum nostrum debitis debitis ut beatae aliquam est. Dolor impedit qui deserunt suscipit architecto rem vel. Necessitatibus quibusdam molestiae velit magnam vitae. Natus odio atque maiores perferendis autem. Omnis sequi accusamus labore neque temporibus nisi saepe.',0,0,'2020-11-28 02:32:55'),(843,62,11,'Similique dolores consequatur consequatur modi. Nam nemo id laudantium explicabo itaque id hic. Sed aspernatur quia necessitatibus dolore culpa nobis. Occaecati repellendus earum fugit qui.',0,1,'2020-04-26 02:55:18'),(844,68,5,'Vel qui nostrum omnis quis totam aliquam minus. Qui sit repellat eum veniam amet velit voluptatem. Laboriosam ut beatae praesentium perferendis.',0,1,'2020-05-22 16:34:04'),(845,23,100,'Sit assumenda facilis voluptas officiis. Voluptas omnis minima sed. Eum necessitatibus eos necessitatibus similique deleniti.',1,0,'2020-08-18 18:42:08'),(846,29,45,'Sit culpa animi ipsum excepturi in. Qui autem laudantium autem ut eaque. Et eligendi nobis et nam nesciunt id.',0,0,'2020-11-01 22:40:09'),(847,39,56,'Quod odit laborum veniam ut ullam. Provident odio sequi fugiat quidem. Sunt magnam maiores quia enim. Beatae officiis facilis perspiciatis magnam suscipit reprehenderit sunt. Vel quod consequatur rerum ut.',1,1,'2020-11-03 03:23:30'),(848,65,56,'Dolores deserunt corrupti eius aut sint eos nobis quas. Est delectus eligendi magni rerum eos.',0,1,'2020-07-03 08:49:06'),(849,86,58,'Cum aut in libero voluptatem. Totam nemo omnis officia provident. Quaerat voluptatem odit accusantium.',0,1,'2021-01-26 20:00:56'),(850,35,99,'Aut esse doloremque unde et aut voluptate. Nulla labore enim labore. Temporibus omnis tenetur et consequatur. Non id possimus perferendis facilis.',0,0,'2020-08-17 22:24:21'),(851,92,59,'Odit sequi nam enim quod. Officiis sed quia velit omnis voluptatem consectetur quia et. Sit assumenda quia incidunt quo animi exercitationem. Enim repellendus voluptates sit placeat magnam laudantium.',0,1,'2020-12-07 16:27:30'),(852,21,25,'Nemo voluptatem tempora tenetur et. Eius sapiente commodi praesentium rerum voluptatem illo ut. Cumque aut similique qui perferendis. Sunt nihil consequuntur harum repellat et. Corrupti corrupti in eaque atque nisi est recusandae.',1,1,'2020-10-01 05:08:38'),(853,61,31,'Sit inventore quasi id id. Molestiae voluptas aut laborum rerum accusamus illo. Amet consequuntur et excepturi odio adipisci velit velit iste. Illum error recusandae pariatur odio cumque qui.',1,1,'2020-06-06 21:21:41'),(854,71,61,'Magnam ipsa quo nisi dolorem cupiditate vel quos. Voluptate in laboriosam eveniet quo. Dolorem ut aut tempora et temporibus ipsum doloribus. Assumenda excepturi aspernatur ad et in assumenda ipsam.',0,0,'2020-06-30 10:52:49'),(855,93,79,'Et ab est repudiandae dicta quasi eum est. Sit corrupti molestias iste. Facere ex nemo consequuntur eius in cupiditate ullam sed. Veritatis odit illo facere et porro est nobis.',0,1,'2020-09-07 07:01:57'),(856,17,47,'Explicabo corporis nesciunt voluptates temporibus asperiores ut. Quia quibusdam sit dolores eveniet possimus quidem. Porro recusandae eveniet dolor cumque in magni id.',1,1,'2020-08-09 03:15:02'),(857,84,77,'Deserunt praesentium perspiciatis officia blanditiis minima et voluptate. Consequatur non alias recusandae eveniet deserunt. Quos deleniti magnam veniam qui ut dicta.',0,1,'2020-03-18 11:19:56'),(858,35,43,'Ut quos quae sit consequatur ullam. Ut a cupiditate reprehenderit corrupti id quo.',1,1,'2020-11-22 20:12:07'),(859,8,12,'Qui non molestiae architecto excepturi soluta. Quia at minus incidunt minima mollitia culpa suscipit et. In mollitia porro libero necessitatibus blanditiis cumque minima. Quo asperiores vel quasi porro. Laboriosam numquam velit voluptas corrupti fuga quia.',1,0,'2020-03-25 08:33:57'),(860,34,34,'Iure quasi minus natus architecto necessitatibus. Perferendis ea quos tempore ea qui iste et. Molestiae voluptate sed optio deserunt error. Cumque nostrum et non praesentium quidem. Reiciendis laboriosam dicta recusandae in.',1,1,'2020-06-26 06:05:23'),(861,69,42,'At quo unde recusandae deserunt. Dicta id harum ut beatae molestiae. Aperiam officiis id assumenda voluptatem distinctio maiores.',1,0,'2021-01-14 11:50:47'),(862,1,78,'Dolores consectetur sit qui qui accusantium. Quia deleniti voluptas rerum voluptatem. Magni saepe recusandae laborum vitae ut quis. Animi impedit nostrum error et voluptatum possimus.',0,0,'2020-05-29 09:43:29'),(863,89,10,'Perspiciatis quis minima cupiditate deserunt. Eos cumque quia sint totam voluptas minus officia. Similique est vel alias voluptatem fugit et.',1,1,'2020-12-10 15:18:45'),(864,83,82,'A non consequuntur et dolores tenetur voluptatum eaque. Consequatur unde ut eveniet iusto qui atque sunt. Laboriosam architecto quidem assumenda inventore quidem omnis ipsum. Maiores temporibus accusantium voluptatibus vero.',0,1,'2020-11-19 08:35:17'),(865,61,59,'Ut ullam quis et. Quis necessitatibus ab aperiam aut vitae. Et ut quaerat optio et ut neque voluptas. Rerum quo voluptate reprehenderit est voluptatem.',1,0,'2020-03-24 14:11:24'),(866,10,75,'Nesciunt qui numquam omnis aut facilis. Laudantium natus sit officiis animi maxime eligendi est. Doloribus nostrum velit quibusdam aspernatur. Molestiae molestiae enim repudiandae voluptatum.',0,1,'2020-10-09 05:00:11'),(867,44,96,'Consequatur quaerat maiores et cupiditate modi molestiae. Velit sint tempore nam nesciunt molestias. Voluptatum cum doloribus quia porro illo aperiam sit. Voluptatem quasi expedita modi ducimus totam. Consequatur delectus explicabo fuga ea aut.',0,1,'2020-06-14 16:35:27'),(868,45,39,'Sit eum aut vero praesentium deleniti tempora beatae. Id et aut aut sint ipsum. Unde id eos molestiae inventore natus. Et omnis at totam officia pariatur deleniti hic. Cumque quasi facere dolore et itaque.',1,1,'2020-09-12 02:58:33'),(869,58,72,'Distinctio qui deleniti omnis odio et. Distinctio harum ut dolorem maxime ut quas. Omnis sit impedit voluptatum beatae perspiciatis recusandae.',1,0,'2020-12-26 06:42:34'),(870,85,11,'Et odio fugiat ullam molestias. Iste facilis veniam eveniet aut. Vero consequuntur excepturi quo facere nemo aspernatur ut. Sed voluptates eum inventore quo.',1,0,'2020-06-15 02:58:39'),(871,99,63,'Exercitationem inventore sed dolorem sint. Eligendi debitis adipisci voluptas ratione quia. Omnis autem iste incidunt iure. Sit eum aut quae suscipit nobis earum eos.',0,1,'2020-11-15 15:12:14'),(872,15,84,'Et sed quidem odit distinctio voluptate molestias. Et accusamus nemo voluptates vel nisi nulla sint nulla. Rerum et in quo est atque quisquam beatae.',1,0,'2020-09-05 01:33:25'),(873,77,31,'Voluptatibus corporis eveniet enim in ipsam. Veniam mollitia provident et qui quo. Molestiae et quo illo.',0,0,'2020-10-26 08:38:31'),(874,22,20,'Officia omnis dolorem totam ut velit omnis. A ut quia nostrum ducimus saepe. Ut maiores minima ullam hic enim voluptas. Unde occaecati tempore aut.',0,1,'2020-12-27 03:15:41'),(875,32,100,'Quis aut aut quam repellendus. Qui non qui ut nam ducimus numquam dolores. Non rerum beatae dicta similique sed. Modi at in quia reiciendis aut blanditiis voluptate.',0,0,'2020-09-20 01:05:03'),(876,5,22,'Tempore eum et perspiciatis deleniti suscipit. Facere molestiae at nihil aut voluptatibus et sit. Quisquam consectetur neque aut esse quas totam veniam.',1,1,'2020-04-14 13:36:44'),(877,94,4,'Ab deleniti accusantium autem dolor. Odio ad voluptas soluta ipsum incidunt. Qui at sint veritatis quasi repellat.',1,1,'2020-02-27 16:57:47'),(878,38,76,'Dolore aut quisquam expedita aut alias est est. Qui quaerat qui nisi et sit. Itaque sed veritatis autem et qui.',1,0,'2020-03-09 19:44:30'),(879,67,7,'Non quos culpa quaerat. Et corporis cupiditate aut voluptatem culpa omnis adipisci. Rerum quo occaecati laboriosam et eos.',1,0,'2021-02-15 02:14:49'),(880,34,48,'Esse cumque natus maxime quia ducimus molestias dolorem. Nam alias iusto non doloremque perspiciatis quia ea delectus. Non laudantium ratione earum ut aspernatur nemo.',1,1,'2020-03-21 02:09:01'),(881,37,39,'Hic neque possimus assumenda ullam reprehenderit. Earum a doloribus mollitia sed. Est laborum totam vero esse dicta expedita sit qui. Aut provident placeat modi quaerat nam recusandae molestiae.',1,0,'2020-08-15 08:04:49'),(882,83,99,'Earum itaque itaque debitis nesciunt corporis quis quasi neque. Aut non nam tempora ipsam vero qui magnam. Corporis iusto ut explicabo animi. Molestiae non doloribus voluptas et sunt. Quo dolorum consequuntur odit doloribus.',0,1,'2020-11-13 23:07:27'),(883,46,30,'Nihil incidunt ducimus consequatur ut unde. Iste qui accusantium ex quasi magni corrupti numquam. Quasi adipisci iusto sapiente culpa.',1,0,'2020-08-11 23:09:50'),(884,12,72,'Reiciendis et perspiciatis placeat quis nihil nam odit ut. Et veritatis accusantium accusantium natus. Cupiditate doloribus molestiae odit et provident. Velit distinctio amet est dolorum adipisci nesciunt repellendus.',0,0,'2020-04-24 22:27:56'),(885,23,96,'Nobis et eveniet cupiditate incidunt eius voluptatem similique. Itaque sed incidunt libero voluptatem. Sed fuga repellendus aut impedit.',1,1,'2021-01-23 23:09:17'),(886,13,77,'Aut consequatur rerum maiores beatae et fuga. Ea quasi molestiae vel iusto corrupti. Voluptatem quaerat minus deserunt sint quia.',1,1,'2020-02-29 09:21:37'),(887,46,97,'Corrupti omnis aliquid a iure nam iste omnis harum. Optio ut ab sed commodi. Ullam et laboriosam eligendi ut ratione maiores. Unde aut sint consequatur inventore in illo.',1,0,'2020-04-12 01:11:41'),(888,48,47,'Minima explicabo est aut magni. Earum aut aperiam magnam iure et quia. Repudiandae sint ad repudiandae velit ipsa dolor.',0,1,'2021-02-14 16:17:31'),(889,91,13,'Quis voluptas nisi asperiores sit neque ipsum autem. Laudantium in magnam vero at eos. Qui ut exercitationem doloremque laboriosam qui.',0,1,'2020-10-21 08:30:07'),(890,90,14,'Voluptatem omnis voluptatem non quo perferendis. Id ea non qui soluta perferendis iure qui. Ipsam in eum aliquid magnam odio ipsam deserunt. Sit repellendus tenetur magnam excepturi.',1,0,'2020-03-12 06:03:52'),(891,97,43,'Voluptatum maxime exercitationem et aut. Ipsam natus debitis impedit temporibus ab. Qui eius est perspiciatis earum in distinctio est autem.',0,0,'2020-06-11 09:33:42'),(892,25,96,'Voluptas beatae quia quaerat rerum doloremque enim. Consequatur nihil consequatur odio aut. Non et sed voluptas nam autem architecto aut totam. Hic est molestias facere ea ipsa expedita velit.',0,1,'2020-08-07 08:40:07'),(893,3,25,'Sint praesentium qui aut debitis. Dolores deleniti quas dolor nulla. Nam et dolorem eum et ab pariatur.',0,1,'2020-03-10 06:02:24'),(894,19,16,'Omnis dolor doloribus et quod neque libero vel. Nulla molestias ea sit quae dolores at. Ab aut qui provident deserunt dolore nulla numquam.',0,0,'2020-03-22 14:17:54'),(895,25,76,'Ex nam illo quia sit mollitia. Sint similique magni reiciendis quis beatae dolorem maiores et.',1,0,'2020-10-19 14:57:47'),(896,6,98,'Omnis delectus omnis nisi ut. Voluptatibus assumenda nulla quia exercitationem quasi veniam qui. Aliquam ea dicta cumque et accusantium quos amet voluptatum.',1,0,'2020-02-16 17:00:40'),(897,74,77,'Suscipit facilis eos deleniti dignissimos voluptatum facere. Quae et recusandae consectetur id occaecati quod saepe aut. Possimus et sit soluta facilis dolores. Magni nostrum distinctio a quia.',1,0,'2021-02-11 16:34:35'),(898,59,65,'Consequatur deserunt ratione harum voluptatibus voluptatem modi natus. Et temporibus qui aut sunt iusto sit. Nobis cumque id perspiciatis hic commodi.',0,1,'2020-04-23 05:18:01'),(899,46,36,'Expedita qui enim et in. Earum libero sapiente reprehenderit dicta voluptatem. Optio ut veritatis aut saepe corrupti perspiciatis dignissimos. Voluptate incidunt ducimus reprehenderit est. Aperiam dolorem eaque et veniam exercitationem occaecati.',0,0,'2020-12-07 04:24:11'),(900,42,2,'Velit repellat doloremque aut repudiandae inventore. Reprehenderit mollitia corrupti expedita minus aperiam recusandae assumenda delectus. Explicabo est qui et sed corrupti laboriosam error.',0,0,'2021-01-17 00:03:03'),(901,81,100,'Totam corporis omnis natus eum voluptas. Odit assumenda consequatur fuga qui. Commodi qui quia sit minima beatae repudiandae adipisci fugiat. Sunt eveniet qui totam similique aut ipsa.',1,1,'2020-10-17 23:19:43'),(902,55,77,'Odit dolor repellendus neque at possimus qui consequatur. Iure exercitationem odio odio. Nisi explicabo quod eum quis perspiciatis nihil eos. Qui neque perspiciatis dolores quod.',1,1,'2020-09-18 09:43:39'),(903,20,68,'Et et voluptatem molestias quas distinctio ea est. Odit voluptas sed aut eveniet nesciunt consectetur nam. Voluptate debitis non saepe omnis velit temporibus facere.',1,0,'2020-11-05 07:45:07'),(904,77,84,'Velit ab nihil ullam velit ut tempore. Alias vel consequatur perspiciatis et qui quaerat.',0,0,'2020-04-18 23:36:57'),(905,85,75,'Et porro dolor a tenetur magnam magnam. Voluptas dolorem repudiandae totam odit ducimus temporibus nostrum. Aut fugit nemo veritatis qui molestias reiciendis sit. Nam quo odit velit sed rem ipsum.',1,0,'2020-06-23 20:16:35'),(906,20,75,'Qui doloribus maiores autem accusamus. Numquam facere sed impedit ea occaecati. Excepturi perferendis molestiae autem. Explicabo dicta exercitationem voluptate.',1,0,'2020-06-27 14:22:39'),(907,16,51,'Velit qui enim error aut. Mollitia magni quis similique nisi occaecati. Animi perspiciatis autem neque animi.',1,0,'2020-08-29 02:47:14'),(908,9,90,'Ducimus rerum rerum doloremque alias necessitatibus autem. Harum aut et sit pariatur tempora. Repellat eius cum voluptatibus eum dicta qui. Harum nobis sunt molestiae doloremque maiores quibusdam.',1,1,'2020-10-07 18:08:18'),(909,23,46,'At ratione corrupti laboriosam repudiandae optio. Temporibus consectetur culpa ea voluptatum repellat amet molestiae. Magni expedita quas corrupti ullam vel placeat et esse. Accusantium distinctio aut consequatur cum velit.',1,1,'2021-02-01 09:30:42'),(910,60,62,'Quisquam voluptatem molestias quos qui illo esse quo. Neque minus cumque at aut omnis corporis culpa. Veritatis dicta aut cupiditate saepe.',1,1,'2020-12-18 13:35:20'),(911,30,65,'Corrupti et eos sed. Eos perspiciatis tempora tempore possimus aut porro. Facilis officia qui hic dolores at eum doloremque.',0,1,'2021-02-12 14:30:57'),(912,31,62,'Magnam sequi perspiciatis nam perspiciatis. Et repellendus optio quaerat est dolorem voluptas placeat corporis. Ullam earum porro est architecto inventore quo blanditiis itaque.',0,0,'2020-03-31 00:41:49'),(913,16,91,'Et cum consequatur suscipit qui veniam amet atque. Ipsa qui eum esse eveniet incidunt ut et. Consequatur asperiores temporibus omnis adipisci nisi. Et ex consequuntur in earum velit incidunt.',0,1,'2020-07-30 17:44:26'),(914,10,76,'Eligendi qui eos ipsum voluptatem. Accusantium beatae blanditiis rem. Incidunt dolores qui eos rem excepturi debitis maxime.',1,0,'2020-05-03 22:20:52'),(915,48,12,'Occaecati consectetur provident in et porro sunt esse et. Nulla et iusto id qui. Qui placeat quod labore quibusdam voluptatum recusandae illo nam.',1,0,'2020-12-06 21:04:50'),(916,15,37,'Sit repellendus inventore eos impedit. Qui eos magni harum tempore rerum explicabo. Consequuntur animi eos architecto impedit doloribus nostrum illo.',0,0,'2020-12-22 02:40:19'),(917,42,99,'Voluptatibus odit vel est iure aut rerum quia. Consequatur non placeat et voluptatibus. Id odio nisi consequatur perferendis.',0,1,'2020-04-30 22:39:50'),(918,66,35,'Sit tenetur maxime aliquid vitae et. Ut ipsum et et qui. Debitis ab quis animi deserunt officiis inventore.',0,1,'2020-03-24 21:03:17'),(919,76,75,'Ea voluptate temporibus necessitatibus. Accusamus quas blanditiis animi nam voluptatem tempore sint non. Sed deleniti explicabo fugiat esse adipisci.',0,0,'2020-02-27 20:34:45'),(920,45,1,'Doloremque aspernatur aut nihil sit. Sint perferendis autem sit amet explicabo quod velit. Mollitia commodi qui est. Tenetur eius aspernatur consequatur voluptas aperiam. Qui et voluptatum consequuntur.',0,0,'2020-03-23 09:28:57'),(921,70,44,'Dolorum voluptate aut ut saepe. Repellat eum quia a dolorum amet tempore molestiae quas. Ducimus aspernatur dolore neque corporis aperiam consectetur.',0,1,'2020-05-12 17:00:51'),(922,9,15,'Voluptates soluta non aperiam aut hic ullam culpa esse. Voluptas sunt placeat ab aut est. Numquam repellendus earum et enim.',1,1,'2020-10-04 13:05:44'),(923,48,93,'Ex quidem quam iusto quo. Est asperiores autem atque sint. Et quasi doloremque perferendis dignissimos numquam laudantium.',0,0,'2021-02-09 16:17:39'),(924,23,33,'Debitis rerum dolorem adipisci fuga. Illum veniam cupiditate laudantium dignissimos. Perferendis voluptatem voluptatum magnam qui. Minima inventore cupiditate libero labore.',0,1,'2021-01-01 13:00:29'),(925,97,84,'Totam maiores praesentium et neque. Totam et rerum est nesciunt quo sint nihil.',0,0,'2020-03-22 19:35:55'),(926,30,96,'Magnam repudiandae molestiae necessitatibus. Incidunt possimus quis assumenda incidunt. Totam quia repellendus quam quaerat et quos nostrum. Doloribus ratione possimus voluptatem.',0,1,'2020-03-24 18:49:12'),(927,92,70,'Pariatur nemo et laboriosam aut. Dolor aut laboriosam voluptates magni ut et quod omnis. Ut dolorum libero sed et ut aut.',0,1,'2020-09-02 07:52:20'),(928,72,52,'Et et cumque dolores laborum doloremque error ut. Molestiae eligendi soluta necessitatibus dolor neque. Sint rerum aliquid laboriosam dolore in quidem aliquid. Ab dolor minus quis exercitationem.',0,1,'2021-01-22 14:29:07'),(929,42,55,'Neque at atque soluta velit et. Et odio magni quaerat mollitia. Sunt eum asperiores sed et. In sunt voluptatem repudiandae quia et corporis esse.',1,1,'2020-07-03 14:09:41'),(930,49,77,'Et delectus aut consequatur et. Qui non facere odio minus quae est quia. Quaerat quibusdam facilis rerum consequatur odio laboriosam quia. Illum qui aut sapiente non sint quo dolorem.',1,0,'2020-07-14 17:57:02'),(931,37,56,'Sunt recusandae nihil quam velit mollitia. Saepe similique est quas neque. Quia eveniet saepe dolores odit tenetur dignissimos ratione.',0,0,'2021-01-25 19:22:34'),(932,67,65,'Aut distinctio unde odio. Delectus veniam fuga voluptas et voluptates tempora. Facere at rerum molestiae est pariatur facilis id.',0,1,'2020-09-12 23:24:39'),(933,24,24,'Possimus vel ullam velit aut aliquam ea et. Et exercitationem commodi voluptatum tenetur autem impedit.',1,1,'2020-05-04 21:40:17'),(934,50,75,'Aperiam dolor eaque voluptas id minima qui qui. Dolore quasi mollitia voluptate nobis ducimus qui impedit aliquid. Autem sequi illo reprehenderit fugiat est earum natus. Sit ut dolorem est beatae architecto. Explicabo nobis qui earum excepturi.',0,0,'2020-04-05 18:39:23'),(935,27,9,'Vel facilis animi qui qui ut. Et omnis facere ad aliquid labore. Quis quam aliquid voluptas. Beatae reiciendis atque nulla maxime reprehenderit ab.',0,0,'2021-02-01 02:19:43'),(936,63,86,'Optio et placeat voluptates illum consequatur. Quisquam repudiandae molestiae aspernatur vero eos totam neque veritatis. Assumenda cupiditate sunt nihil dolor architecto.',0,0,'2020-02-27 07:51:24'),(937,43,55,'Delectus numquam ducimus tempore in. Nostrum eligendi tempora ad at quam rerum id. Fugiat quidem iure id sed in atque.',0,1,'2020-09-16 18:22:04'),(938,46,63,'Magnam reprehenderit aut esse porro illo eius. Vel quia aut ut ab rerum in minima accusantium. Omnis occaecati et et eaque dolores molestiae ipsa. Eius quas aut deserunt voluptatem est tenetur. Ut sapiente minus velit nihil molestiae sed.',0,1,'2021-02-14 20:27:41'),(939,78,1,'Consequuntur quod quas enim quam fuga. Fugiat iure commodi iusto voluptatem. Et praesentium sit porro.',0,0,'2020-09-02 10:16:28'),(940,72,54,'Ut esse aut reiciendis nemo animi. Aperiam accusantium qui vero placeat reiciendis culpa.',1,1,'2021-02-06 14:07:21'),(941,53,2,'Error consequatur autem error aspernatur enim consequatur sint. Minus aut unde quia repellendus qui repudiandae. Necessitatibus sint provident aspernatur culpa ipsum at quia. Necessitatibus voluptas omnis et deserunt esse accusamus autem.',0,0,'2020-12-06 18:42:59'),(942,49,42,'Nobis magnam eos quia quo recusandae autem. Libero odio labore molestias accusantium. Nam et alias architecto non aut nam. Ut quisquam ut voluptas dolore.',0,1,'2020-11-22 10:47:06'),(943,60,72,'Est qui facere voluptatum saepe est provident eligendi. Laboriosam optio est aliquam rerum adipisci sit aperiam nisi. Voluptas voluptatem similique amet et beatae sit ut quo. Sit sit odio vel.',1,0,'2020-09-05 03:02:41'),(944,82,93,'Debitis a corrupti aut alias quia soluta. Blanditiis sit et assumenda beatae porro. Est ut quidem nihil aut corrupti. Qui inventore et voluptas animi consectetur quia. Deserunt enim voluptatem et error labore eius ut quibusdam.',1,0,'2021-01-08 21:27:00'),(945,20,20,'Dolores est molestiae dolorem voluptate. Consequatur eaque commodi aspernatur beatae qui minima autem natus. Libero vel sed et quia ut sint eaque. Accusantium velit magni provident.',0,0,'2021-01-19 16:47:10'),(946,39,35,'Natus adipisci nobis totam. Voluptatibus optio officia et. Et ad minus omnis perferendis.',0,0,'2020-04-27 07:20:33'),(947,58,85,'Eos quam sed iusto ratione qui. Sint laborum necessitatibus quidem porro et nostrum fuga. Doloribus nobis error quia cum similique dolorem omnis.',1,0,'2020-08-21 13:59:45'),(948,48,85,'Voluptatem at aliquam dolorum odit. Cupiditate hic exercitationem perferendis ratione distinctio voluptatibus rerum est. Quaerat aut voluptatibus sequi autem qui.',0,0,'2020-08-08 02:11:05'),(949,81,50,'Voluptatem temporibus enim velit eum qui et. Itaque sed quam voluptatum et voluptate reiciendis. Voluptatem doloremque et et iusto aspernatur mollitia neque.',0,1,'2020-04-27 19:46:42'),(950,8,89,'Cum iure in labore dignissimos saepe et beatae a. Perferendis atque consequuntur dolorem tenetur. Voluptatem dignissimos non autem soluta eos sed illum. Tempora mollitia facilis maiores officia adipisci corrupti.',1,0,'2020-12-18 19:34:57'),(951,21,38,'Ut reiciendis non laudantium culpa similique quo fugit. Eum minus facere aliquam aliquam asperiores. Aliquid assumenda quia vel rerum molestiae ut nihil. Est quas dolores assumenda dolorem impedit maiores mollitia.',0,0,'2020-09-13 06:25:42'),(952,28,22,'Est in consequatur aliquid fugiat iste eum eum. Natus et cum facilis quia nesciunt. Et veniam rerum rem tempore a qui voluptates.',0,0,'2021-01-09 10:04:14'),(953,26,63,'Et inventore dolor sit est. Aliquam at facere quia dicta velit fugiat.',0,0,'2020-08-16 16:42:33'),(954,39,5,'Maxime excepturi quos nemo. Magni in voluptatibus doloribus ipsum ab doloremque explicabo. Mollitia qui vero placeat.',0,1,'2021-01-22 02:08:56'),(955,7,20,'Dolorem perferendis aperiam voluptas dolores velit qui. Quod quasi omnis velit quia dolorem enim dignissimos possimus.',0,1,'2020-03-26 16:30:38'),(956,78,31,'Minus qui qui at provident est reiciendis hic. Dolores ut ea animi. Saepe fugiat velit quam.',1,1,'2020-04-14 17:24:31'),(957,19,2,'Debitis culpa reprehenderit omnis rerum qui et. Qui consectetur omnis esse qui natus. Blanditiis enim quo aut rerum exercitationem est. Facilis voluptatibus eveniet cumque omnis iure amet.',0,0,'2020-07-19 23:00:21'),(958,55,65,'Omnis commodi veniam magnam rem suscipit facilis. Sapiente amet harum fuga velit. Doloribus exercitationem ut nihil quaerat facilis enim. Odit et dolorem est totam rerum asperiores vel.',0,0,'2021-01-30 17:12:45'),(959,59,100,'Eos debitis a aliquid itaque. Illum reiciendis voluptatem modi eius et velit reiciendis facilis. Aperiam natus animi impedit et atque. Deserunt voluptate cum voluptas maxime sequi voluptate. Molestias voluptatem odit ipsa minima ab beatae aut quia.',0,0,'2020-04-15 13:31:52'),(960,22,10,'Id dolorum itaque fugit dolor. Sit tempore nostrum itaque pariatur ea soluta. Quisquam voluptatem sint ut eligendi beatae nemo. Quis vero quo minima ratione consequatur.',1,0,'2020-06-05 13:24:17'),(961,83,85,'Officia quisquam impedit iste quia. Error sint odio quas voluptatem ab neque expedita. Sequi eaque quis autem.',0,0,'2020-06-05 16:17:15'),(962,76,26,'Quis exercitationem in alias magnam. Cumque voluptatem necessitatibus odio aperiam voluptatem et. Illum ut dolorem sint dolor nemo voluptatem delectus.',1,1,'2020-07-10 23:20:48'),(963,1,27,'Qui autem quas tempore. Ab quas qui alias qui non nesciunt. Sint aut atque voluptate eos.',0,0,'2020-10-04 23:37:39'),(964,30,68,'Ipsum odit quisquam minima consectetur id. Dolores laudantium non debitis optio. Provident id sunt ex harum.',0,1,'2020-04-17 02:23:57'),(965,48,39,'Et facilis qui consectetur iste itaque fugit. Aut voluptatibus consequatur quibusdam ut exercitationem atque et. Enim rerum nihil dolores eum omnis eius vel.',0,1,'2020-03-01 05:37:23'),(966,47,19,'Ipsum necessitatibus eos placeat autem. Reprehenderit laboriosam modi odit nulla. Molestiae est totam quaerat magni non dolores ut. Laboriosam a sed veniam delectus ex delectus deserunt quibusdam. Dolorem nihil qui corrupti ducimus.',0,0,'2021-01-02 22:06:40'),(967,53,9,'Consequatur a aspernatur assumenda distinctio blanditiis. Quisquam nam sunt ut aliquam accusantium. Maxime dolorem officia explicabo quo qui.',1,0,'2020-06-07 21:27:40'),(968,87,4,'Voluptas ut pariatur possimus. Sit totam natus neque sit ea temporibus et. Non ea ea alias veniam.',0,1,'2021-02-06 03:17:23'),(969,59,84,'Ullam enim illum culpa tenetur nobis adipisci. Qui earum voluptatem nesciunt consequatur quia. Unde deleniti eos magni assumenda et omnis amet. Fugiat eos maxime autem id quo quaerat.',0,1,'2020-12-03 12:29:00'),(970,41,53,'Commodi sequi autem perspiciatis quis numquam. Fugit amet adipisci consequuntur deleniti. Atque quidem quibusdam impedit possimus veritatis eligendi aliquid itaque. Earum delectus consequatur corrupti.',0,1,'2020-08-17 07:39:53'),(971,40,42,'Et perferendis maiores quibusdam quia. Nobis iusto at quaerat reiciendis repellendus consequuntur. Qui voluptatem sunt error delectus est. Necessitatibus dolores reiciendis exercitationem expedita nemo qui.',0,0,'2020-11-30 07:03:52'),(972,88,14,'Suscipit esse assumenda eos. Perferendis sit eius animi iste fuga aspernatur. Eveniet eos libero voluptatem debitis natus dolores a.',0,0,'2020-03-11 20:45:04'),(973,4,78,'Vero ipsa modi sint debitis et error dolores. Quia et id sit ab minima sunt. Aspernatur quas nam nisi earum ea consequatur laborum. Porro quidem occaecati ut numquam amet.',1,0,'2020-12-12 15:30:02'),(974,78,56,'Voluptates assumenda sit minima ab velit. Quia quidem dolore et eos officia. Est consequatur soluta tenetur. Dolor voluptas voluptas totam omnis ut. Voluptatum omnis praesentium minima laborum ea.',1,0,'2020-05-05 01:06:20'),(975,44,54,'Qui officia pariatur voluptas. Voluptate qui excepturi molestiae molestiae esse. Aut veritatis odit pariatur voluptas.',0,0,'2020-05-20 12:52:21'),(976,37,20,'Quas nostrum dolor omnis tenetur necessitatibus. Dignissimos quia animi maxime id blanditiis. Est sed nostrum minus quos reprehenderit. Quae quod in quia aperiam.',0,1,'2020-07-07 01:14:34'),(977,92,98,'Quis rerum sunt reprehenderit magnam ut similique architecto. Aut similique quia iure voluptatum saepe. Sed qui sapiente reprehenderit possimus.',0,1,'2020-06-10 22:28:57'),(978,12,66,'Laboriosam quidem sit laudantium nemo eum minus fugit nihil. Placeat delectus nostrum ea vel. Excepturi sed impedit eveniet magnam minus.',0,1,'2020-06-12 20:25:25'),(979,92,64,'Id architecto quo tempora distinctio voluptates delectus doloremque. Fugit laboriosam tenetur dolorum sequi voluptas corrupti qui. Aut et voluptatibus iusto pariatur magni error et. Iste cum non fugiat et libero quisquam.',1,1,'2020-10-22 23:14:21'),(980,41,12,'Tempore voluptas ea qui similique odio deserunt velit. Quis omnis ullam non reiciendis aspernatur. Vitae molestiae aut a quod. A ut molestiae id provident.',1,1,'2020-11-15 20:46:59'),(981,36,46,'Aspernatur quasi natus quos. Aut deserunt amet nostrum quia. Unde repudiandae repellendus laboriosam quia.',1,0,'2020-03-04 04:27:51'),(982,20,60,'Earum dignissimos qui ullam iusto eum tempore. Fuga quia id sed dignissimos. Architecto autem explicabo fugit quis aut.',1,0,'2020-02-27 20:39:46'),(983,41,25,'Quia quia cupiditate ut tenetur. Mollitia recusandae nemo est sapiente reiciendis.',1,1,'2020-07-25 22:05:28'),(984,100,27,'Nemo temporibus earum consectetur tempora et officia illum. Consequatur optio quia quas. Sed vel est blanditiis ea cum. Vel alias voluptatem ut excepturi.',1,1,'2020-11-22 10:00:38'),(985,33,83,'Sint vel fuga necessitatibus repellat quo ipsa eum amet. Quo sed suscipit quia quo rem ea cumque. Neque id culpa iure asperiores. Dignissimos neque aut consequatur dolores adipisci ducimus sapiente.',0,1,'2020-12-28 02:52:08'),(986,15,28,'Veniam impedit illo deleniti magni ut eveniet quaerat. Excepturi eum quibusdam quo dolor incidunt doloribus aut. Autem et praesentium ea eum nisi impedit. Fugiat ab repellendus fuga enim magni.',1,1,'2020-10-28 09:16:28'),(987,94,86,'Autem veniam enim quis nisi sunt sunt. Sit id corrupti neque praesentium repudiandae sunt a aperiam. Et sint sint error id.',0,0,'2020-10-08 14:47:14'),(988,45,67,'Doloribus dignissimos aspernatur eveniet dignissimos. Assumenda quaerat delectus perspiciatis pariatur dolor sed quam in. Minima alias quo et voluptatum voluptas quis dicta.',1,0,'2020-08-07 15:59:00'),(989,1,1,'Cupiditate voluptatum dolorum quam dolorem. Quaerat deleniti rem sed tenetur optio et. Temporibus quas sequi omnis neque sit temporibus. Reprehenderit aut neque ut ut qui quae.',0,0,'2020-04-10 11:54:22'),(990,3,12,'Dolores minus ratione quas magnam quasi alias. Vitae at voluptatibus blanditiis.',0,1,'2020-07-23 06:36:43'),(991,50,12,'Aut pariatur omnis sapiente et. Nesciunt qui dolores quia. Qui sit numquam in odio.',0,1,'2020-07-11 00:04:34'),(992,11,19,'Iste rem molestiae quibusdam facilis rerum molestias ad explicabo. Sunt dolorem saepe et doloremque eum nostrum sunt soluta. A eum soluta rerum ut autem velit.',0,0,'2020-07-24 19:25:09'),(993,61,48,'Qui beatae natus odio in qui expedita eaque. Quia amet quos quia ea nisi autem. Ab impedit consequatur nobis maiores dolor. Perferendis aut voluptatem modi voluptatem officia.',1,0,'2020-07-12 01:18:57'),(994,57,39,'Dolorem voluptas cupiditate expedita mollitia deleniti. A doloremque quas vel voluptatem eveniet sunt. Ut cum velit voluptas odit. A sed sit doloribus enim sequi.',0,0,'2020-11-21 02:24:51'),(995,25,6,'Perspiciatis et iusto placeat consequatur et architecto eaque. Quia atque rerum deserunt. Voluptatem quia rem tempore eum minima exercitationem.',0,1,'2020-11-26 06:38:50'),(996,54,53,'Sed ad iste ut exercitationem dolor et. Voluptatibus veritatis molestiae rerum autem dolorem. Et iusto sit adipisci iusto.',1,0,'2020-05-30 06:22:21'),(997,2,49,'Voluptas dignissimos repudiandae nihil rerum doloribus. Fugit quo quisquam quae magni cupiditate aut iste. A excepturi eaque iusto dolorem. Aut dicta eligendi molestias eaque aliquid reprehenderit veniam.',1,0,'2020-04-07 12:32:41'),(998,40,50,'Nulla quisquam adipisci omnis quia optio. Velit tempora aliquam eaque. Nesciunt distinctio sit sed. Ab eum ut animi.',1,0,'2020-03-11 21:23:03'),(999,32,8,'Voluptatem odit et et cumque optio. Iste itaque est ab provident ut. Aut voluptatum autem accusantium laboriosam iusto. Ipsum ipsum molestiae consectetur sapiente magni doloribus.',1,0,'2021-01-02 00:53:52'),(1000,43,92,'Enim est voluptatem dolorem inventore quia. Architecto neque sed deleniti architecto consequatur accusamus. Nihil magnam dolorem optio magnam sed.',1,1,'2020-03-12 09:58:58');
/*!40000 ALTER TABLE `messages` ENABLE KEYS */;
UNLOCK TABLES;

--
-- Table structure for table `posts`
--

DROP TABLE IF EXISTS `posts`;
/*!40101 SET @saved_cs_client     = @@character_set_client */;
/*!50503 SET character_set_client = utf8mb4 */;
CREATE TABLE `posts` (
  `id` int unsigned NOT NULL AUTO_INCREMENT,
  `user_id` int unsigned NOT NULL,
  `community_id` int unsigned DEFAULT NULL,
  `head` varchar(255) DEFAULT NULL,
  `body` text NOT NULL,
  `media_id` int unsigned DEFAULT NULL,
  `is_public` tinyint(1) DEFAULT '1',
  `is_archived` tinyint(1) DEFAULT '0',
  `created_at` datetime DEFAULT CURRENT_TIMESTAMP,
  `updated_at` datetime DEFAULT CURRENT_TIMESTAMP ON UPDATE CURRENT_TIMESTAMP,
  PRIMARY KEY (`id`),
  KEY `posts_user_id_fk` (`user_id`),
  KEY `posts_community_id_fk` (`community_id`),
  KEY `posts_media_id_fk` (`media_id`),
  CONSTRAINT `posts_community_id_fk` FOREIGN KEY (`community_id`) REFERENCES `communities` (`id`),
  CONSTRAINT `posts_media_id_fk` FOREIGN KEY (`media_id`) REFERENCES `media` (`id`),
  CONSTRAINT `posts_user_id_fk` FOREIGN KEY (`user_id`) REFERENCES `users` (`id`)
) ENGINE=InnoDB DEFAULT CHARSET=utf8mb4 COLLATE=utf8mb4_0900_ai_ci COMMENT='Посты';
/*!40101 SET character_set_client = @saved_cs_client */;

--
-- Dumping data for table `posts`
--

LOCK TABLES `posts` WRITE;
/*!40000 ALTER TABLE `posts` DISABLE KEYS */;
/*!40000 ALTER TABLE `posts` ENABLE KEYS */;
UNLOCK TABLES;

--
-- Table structure for table `profiles`
--

DROP TABLE IF EXISTS `profiles`;
/*!40101 SET @saved_cs_client     = @@character_set_client */;
/*!50503 SET character_set_client = utf8mb4 */;
CREATE TABLE `profiles` (
  `user_id` int unsigned NOT NULL COMMENT 'Ссылка на пользователя',
  `first_name` varchar(100) CHARACTER SET utf8mb4 COLLATE utf8mb4_unicode_ci NOT NULL COMMENT 'Имя пользователя',
  `last_name` varchar(100) CHARACTER SET utf8mb4 COLLATE utf8mb4_unicode_ci NOT NULL COMMENT 'Фамилия пользователя',
  `sex` enum('man','woman') CHARACTER SET utf8mb4 COLLATE utf8mb4_unicode_ci NOT NULL COMMENT 'Пол',
  `birthday` date DEFAULT NULL COMMENT 'Дата рождения',
  `city` varchar(130) CHARACTER SET utf8mb4 COLLATE utf8mb4_unicode_ci DEFAULT NULL COMMENT 'Город проживания',
  `country` varchar(130) CHARACTER SET utf8mb4 COLLATE utf8mb4_unicode_ci DEFAULT NULL COMMENT 'Страна проживания',
  `last_login` datetime NOT NULL COMMENT 'Последний вход в систему',
  `created_at` datetime DEFAULT CURRENT_TIMESTAMP COMMENT 'Время создания строки',
  `updated_at` datetime DEFAULT CURRENT_TIMESTAMP ON UPDATE CURRENT_TIMESTAMP COMMENT 'Время обновления строки',
  PRIMARY KEY (`user_id`),
  CONSTRAINT `profiles_user_id_fk` FOREIGN KEY (`user_id`) REFERENCES `users` (`id`) ON DELETE CASCADE
) ENGINE=InnoDB DEFAULT CHARSET=utf8mb4 COLLATE=utf8mb4_unicode_ci COMMENT='Профили';
/*!40101 SET character_set_client = @saved_cs_client */;

--
-- Dumping data for table `profiles`
--

LOCK TABLES `profiles` WRITE;
/*!40000 ALTER TABLE `profiles` DISABLE KEYS */;
INSERT INTO `profiles` VALUES (1,'Jared','Eichmann','man','1985-01-20','Osinskishire','Timor-Leste','2020-12-24 02:15:43','2011-05-10 03:22:52','2011-09-11 12:21:38'),(2,'Hermina','Pollich','man','1988-06-21','North Kiarraville','Andorra','2020-05-07 06:41:50','2017-11-08 20:53:30','2018-12-15 13:28:29'),(3,'Yvonne','Kris','woman','1961-06-30','Harberside','Sudan','2020-06-12 01:13:58','2013-06-27 14:12:05','2021-02-22 08:10:07'),(4,'Bulah','Grant','woman','1976-07-01','South Rico','Mongolia','2020-07-05 22:43:29','2013-10-19 01:17:27','2018-05-11 05:59:06'),(5,'Cale','Kihn','woman','1991-01-26','Lake Maudebury','Israel','2020-07-18 13:46:22','2017-01-17 09:40:25','2021-02-22 08:10:07'),(6,'Elnora','Runolfsson','man','1961-07-22','Reeseshire','Tajikistan','2020-07-09 14:05:58','2019-03-26 09:20:16','2021-02-22 08:10:07'),(7,'August','Greenholt','man','1992-04-15','Rodolfoberg','El Salvador','2021-02-02 14:55:51','2012-11-06 04:26:10','2016-09-26 12:53:35'),(8,'Icie','Kemmer','man','1961-10-17','Katherynchester','British Indian Ocean Territory (Chagos Archipelago)','2020-07-12 04:51:13','2020-04-25 17:22:31','2021-02-22 08:10:07'),(9,'Lelia','Farrell','man','1959-04-16','West Erynland','Tonga','2020-12-30 14:45:03','2013-03-13 02:18:42','2016-01-05 04:44:47'),(10,'Patsy','Kuhn','man','1998-12-14','North Janelleton','Congo','2020-09-27 18:58:25','2013-02-11 07:14:35','2015-02-07 01:14:30'),(11,'Melyssa','Hudson','man','1944-11-25','Rachaelfurt','Costa Rica','2020-11-20 00:19:44','2011-10-31 17:37:47','2017-08-04 10:41:59'),(12,'Tobin','McGlynn','man','1972-06-10','East Verliestad','Bangladesh','2020-03-29 15:19:48','2018-05-17 10:32:25','2021-02-22 08:10:07'),(13,'Jayce','Kirlin','man','1968-12-30','Cruickshankmouth','Greece','2020-06-14 01:00:05','2019-04-02 03:45:36','2021-02-22 08:10:07'),(14,'Nakia','Mante','woman','1934-09-12','Schmidtfurt','Cyprus','2020-03-14 01:37:34','2011-05-19 00:33:42','2017-01-03 14:17:08'),(15,'Einar','Kuhic','woman','2020-09-15','South Gregoryfort','Heard Island and McDonald Islands','2020-12-03 07:57:09','2013-01-09 23:33:28','2020-10-09 03:31:55'),(16,'Anika','Hand','man','1960-03-07','Sanfordmouth','Macao','2020-05-06 14:47:31','2013-11-20 09:53:08','2014-06-16 20:58:07'),(17,'Herminio','Trantow','man','2007-03-15','Port Olen','Costa Rica','2020-10-16 16:02:55','2013-10-12 20:07:59','2021-02-22 08:10:07'),(18,'Benton','Pacocha','man','1977-03-23','Flatleyborough','Namibia','2020-03-31 06:32:02','2011-08-27 15:56:26','2019-07-30 19:35:35'),(19,'Bryana','Smitham','woman','1943-04-29','South Zionburgh','Myanmar','2020-10-29 06:19:59','2011-08-08 08:07:11','2018-05-25 11:30:47'),(20,'Hettie','Simonis','man','2008-01-04','Joellemouth','Colombia','2020-06-25 16:23:04','2018-07-26 23:41:49','2021-02-22 08:10:07'),(21,'Zora','Johns','woman','1984-03-20','East Eliseostad','Afghanistan','2020-05-14 15:00:45','2013-07-19 00:43:41','2020-04-22 23:14:32'),(22,'Yoshiko','Leuschke','woman','1932-12-20','Mosciskishire','Sao Tome and Principe','2020-04-18 19:40:02','2015-02-04 04:52:23','2021-02-22 08:10:07'),(23,'Kyleigh','Rolfson','man','2010-01-03','South Jude','Turkey','2021-01-20 09:34:51','2017-04-25 08:43:28','2019-04-12 15:33:22'),(24,'Herman','Ferry','man','1924-11-08','Port Laurie','Peru','2021-02-06 06:53:41','2013-03-29 22:31:59','2015-08-11 09:33:46'),(25,'Columbus','Jakubowski','woman','1948-03-17','Velmaside','United Kingdom','2020-12-19 16:44:48','2016-04-09 10:12:19','2021-02-22 08:10:07'),(26,'Geovanni','Hirthe','woman','1983-09-21','Starkside','Brazil','2020-09-22 14:36:46','2012-08-08 11:03:59','2021-02-22 08:10:07'),(27,'Emmanuel','Wiegand','woman','1925-07-12','Kayleighton','Switzerland','2020-10-19 08:50:03','2011-11-02 11:57:39','2020-01-25 03:09:37'),(28,'Willow','Hackett','woman','1945-07-22','Hayesview','Portugal','2020-05-30 17:01:19','2020-07-19 12:16:11','2021-02-22 08:10:07'),(29,'Janelle','Lindgren','woman','1982-08-07','Greenfelderhaven','Togo','2020-10-29 20:58:53','2014-07-23 18:19:47','2021-02-22 08:10:07'),(30,'Amara','Gerlach','woman','2009-07-04','Mosciskimouth','Belgium','2020-08-09 02:16:30','2014-01-19 20:15:42','2016-05-13 02:02:25'),(31,'Braeden','Trantow','woman','1965-09-15','Koelpinside','Algeria','2021-01-16 15:08:36','2018-10-22 04:45:06','2020-03-13 12:05:06'),(32,'Ole','Tromp','man','1937-03-09','Salliebury','Netherlands Antilles','2020-03-31 11:31:09','2015-06-13 15:22:32','2016-08-17 17:14:58'),(33,'Graciela','Adams','man','1979-07-09','West Connorside','Holy See (Vatican City State)','2020-03-17 20:55:57','2020-07-29 09:59:17','2021-02-22 08:10:07'),(34,'Halle','Koss','man','1922-10-24','Lake Braulioberg','Falkland Islands (Malvinas)','2020-11-16 21:29:28','2013-10-23 00:43:25','2021-02-22 08:10:07'),(35,'Casandra','Powlowski','man','1968-11-19','Emilianotown','Malta','2021-02-07 12:43:40','2017-05-28 19:07:49','2021-02-22 08:10:07'),(36,'Kasey','Schultz','man','1957-06-16','New Emilianochester','Turkey','2020-12-26 22:21:49','2015-10-29 15:08:44','2017-07-17 23:12:48'),(37,'Genoveva','Cronin','man','1991-06-20','Maryammouth','Maldives','2020-04-08 01:41:27','2019-08-20 15:53:00','2021-02-22 08:10:07'),(38,'Barrett','McClure','man','1939-09-27','Brentbury','Albania','2020-06-19 12:41:20','2013-11-17 02:51:20','2016-01-05 18:34:23'),(39,'Gracie','Dickinson','woman','2009-02-25','Heidenreichville','Hong Kong','2020-09-20 09:39:47','2017-05-25 13:57:17','2021-02-22 08:10:07'),(40,'Abel','Gottlieb','woman','1943-04-17','New Wymanburgh','Greece','2021-02-08 08:35:38','2020-06-11 16:25:58','2021-02-22 08:10:07'),(41,'General','Lebsack','woman','1950-11-08','Port Terrellfort','Paraguay','2020-04-06 15:11:50','2017-11-18 13:44:53','2021-02-22 08:10:07'),(42,'Ibrahim','Grant','woman','1987-03-08','Emmerichton','Bolivia','2020-09-13 03:23:02','2014-10-08 16:15:29','2021-02-22 08:10:07'),(43,'Greta','Schuster','man','1972-02-10','Horaceville','Kyrgyz Republic','2020-11-29 22:28:53','2021-01-04 17:14:33','2021-02-22 08:10:07'),(44,'Hertha','Conn','man','1958-03-05','West Jonatan','Mongolia','2020-07-24 08:09:01','2011-08-11 20:43:30','2017-12-22 09:33:29'),(45,'Beatrice','Farrell','man','1968-06-26','North Bonitaport','Greece','2020-07-04 20:36:19','2018-09-19 19:14:57','2021-02-22 08:10:07'),(46,'June','Gislason','man','1937-03-02','Deckowfort','United States Minor Outlying Islands','2020-03-29 06:12:25','2017-08-25 05:07:00','2021-02-22 08:10:07'),(47,'Triston','O\'Conner','woman','2001-07-04','New Billmouth','Somalia','2020-07-15 17:57:52','2019-09-08 15:29:38','2021-02-22 08:10:07'),(48,'Nels','Corwin','man','1921-06-24','North Irving','Heard Island and McDonald Islands','2020-11-22 08:45:42','2012-01-16 03:52:36','2016-03-23 20:29:45'),(49,'Leora','McGlynn','woman','2003-07-09','North Leila','Bouvet Island (Bouvetoya)','2020-09-26 15:25:50','2017-10-10 02:58:11','2021-02-22 08:10:07'),(50,'Hadley','Wisozk','man','2008-01-07','North Marco','Mexico','2020-08-02 11:42:56','2011-06-15 15:47:59','2015-07-29 18:23:30'),(51,'Jayne','Hayes','man','1979-08-24','Pamelabury','Cote d\'Ivoire','2020-04-22 05:43:48','2020-07-20 07:17:05','2021-02-22 08:10:07'),(52,'Nolan','Wiza','man','1953-02-13','Lake Colinstad','Kiribati','2020-12-28 04:41:25','2016-01-15 18:20:23','2021-02-22 08:10:07'),(53,'Janick','Roob','man','1955-05-12','Port Jalon','Italy','2020-09-02 18:22:08','2018-08-12 06:37:16','2021-02-22 08:10:07'),(54,'Richard','Kerluke','woman','1943-02-27','Kimhaven','Cyprus','2020-09-25 05:16:33','2016-08-19 09:13:40','2016-11-16 12:26:15'),(55,'Maximillia','Jenkins','woman','2020-05-30','Nolanmouth','Denmark','2020-03-13 14:12:50','2018-09-23 12:10:34','2021-01-04 23:03:43'),(56,'Alfonso','Jast','woman','1990-09-09','Tillmanville','Latvia','2020-05-19 23:00:11','2012-01-02 04:21:19','2017-08-19 07:29:23'),(57,'Kali','Donnelly','man','1998-03-14','Port Hayleemouth','Lesotho','2020-08-27 16:13:19','2015-11-21 05:00:24','2021-02-22 08:10:07'),(58,'Freeman','Metz','man','1980-10-15','Hilpertstad','Tanzania','2020-03-11 00:00:06','2016-08-05 08:48:07','2020-02-24 20:23:34'),(59,'Tony','Ondricka','man','1932-08-31','Linnieland','French Polynesia','2020-09-19 04:45:40','2016-05-01 19:04:06','2021-02-22 08:10:07'),(60,'Natasha','Kuvalis','woman','2015-11-25','North Lilla','Faroe Islands','2020-05-23 02:24:31','2013-06-25 18:13:14','2014-03-01 11:54:47'),(61,'Tiana','Hoeger','woman','1950-07-21','Rosannaburgh','Italy','2020-10-06 16:10:35','2016-11-26 04:41:41','2018-07-26 01:20:51'),(62,'Magdalen','Thompson','woman','1945-08-11','East Rachaelberg','Lao People\'s Democratic Republic','2020-06-12 16:09:19','2015-03-16 15:45:41','2021-02-22 08:10:07'),(63,'Curtis','Mitchell','man','1970-09-01','Lake Reymundo','Myanmar','2021-02-09 23:06:45','2018-08-24 00:43:51','2021-02-22 08:10:07'),(64,'Lorna','Tromp','man','1935-04-20','Cormiermouth','Dominican Republic','2020-07-30 22:54:59','2012-02-02 22:27:38','2013-12-29 14:44:53'),(65,'Selena','O\'Keefe','woman','1941-07-05','Port Loyborough','United Kingdom','2020-11-03 14:30:44','2014-03-10 15:12:21','2021-02-22 08:10:07'),(66,'Roman','Schmidt','man','2008-11-25','Corwinbury','Guinea','2020-05-04 02:01:17','2017-03-02 09:24:58','2021-02-22 08:10:07'),(67,'Chase','Bahringer','woman','1979-01-19','Lake Jessie','New Caledonia','2020-12-15 06:06:04','2017-04-13 11:51:39','2021-02-22 08:10:07'),(68,'Kolby','Jacobs','man','1987-09-23','Cruickshankberg','Italy','2020-07-30 11:57:36','2014-02-06 03:24:08','2015-04-24 12:37:45'),(69,'Ila','Welch','man','1946-08-16','Hegmannchester','Togo','2020-02-17 01:48:43','2018-10-28 08:11:57','2019-07-02 05:26:34'),(70,'Maybelle','Homenick','man','1987-03-29','Port Marinabury','Nicaragua','2020-03-27 12:35:24','2018-01-03 07:55:16','2021-02-22 08:10:07'),(71,'Hilda','Hagenes','woman','1926-03-26','North Sarinaville','Guam','2020-12-31 00:31:07','2011-06-20 21:37:51','2019-08-14 05:44:31'),(72,'Albina','Osinski','woman','2020-05-31','South Domingoview','Pakistan','2020-09-04 14:26:15','2016-04-06 08:29:01','2018-07-15 20:51:27'),(73,'Winona','Kunde','woman','1935-10-21','Kanefurt','Montenegro','2020-10-25 18:12:27','2015-09-24 00:13:17','2021-02-22 08:10:07'),(74,'Sheridan','Fritsch','man','1995-11-14','Fernandoborough','Sudan','2020-05-19 03:59:39','2012-11-04 10:00:50','2012-12-31 05:33:40'),(75,'Adriel','Dicki','woman','1929-06-05','Rosamondmouth','Belgium','2020-10-11 23:49:18','2012-12-06 12:53:15','2013-10-18 03:37:49'),(76,'Bert','Pagac','man','1976-09-05','Kohlerton','South Africa','2020-07-28 05:50:21','2018-10-14 05:57:14','2021-02-22 08:10:07'),(77,'Merritt','Pfeffer','man','1936-03-28','East Loraine','Equatorial Guinea','2020-03-17 23:07:57','2018-09-09 19:11:22','2021-02-22 08:10:07'),(78,'Zelda','Berge','woman','2013-01-04','East Darrick','Liberia','2020-05-21 14:00:47','2014-06-12 17:15:40','2021-02-22 08:10:07'),(79,'Kendrick','Hegmann','woman','1926-07-08','Eichmannstad','Australia','2020-08-02 17:42:45','2020-12-09 11:31:28','2021-02-22 08:10:07'),(80,'Pascale','Mueller','man','1957-03-10','Greenholtberg','Chile','2020-06-16 12:33:34','2012-02-28 16:08:25','2014-10-12 15:49:59'),(81,'Rafael','Bayer','woman','1953-11-07','Schneiderport','Malaysia','2020-09-17 08:19:04','2018-08-13 13:44:58','2021-02-22 08:10:07'),(82,'Samanta','Nikolaus','man','1983-02-21','Lukasport','Estonia','2020-12-30 22:21:46','2020-05-11 04:30:21','2020-07-29 17:19:53'),(83,'Clare','Tromp','man','1948-02-06','Rosenbaumland','Montserrat','2020-09-22 13:13:39','2020-03-07 08:38:33','2021-02-22 08:10:07'),(84,'Myrna','Wolff','woman','1959-01-21','North Jackieburgh','Lao People\'s Democratic Republic','2020-03-25 08:12:27','2017-05-09 10:25:04','2021-02-22 08:10:07'),(85,'Sierra','Shanahan','woman','1966-10-02','Lake Zackton','Congo','2020-12-16 05:00:25','2011-04-03 23:16:40','2017-08-15 19:13:50'),(86,'Maryse','Wilderman','man','1924-12-20','Arashire','Gabon','2020-08-30 14:56:08','2015-01-28 02:45:18','2019-08-25 08:18:49'),(87,'Alexandria','Conroy','man','1940-02-21','Griffinmouth','Macedonia','2020-05-10 17:14:03','2011-12-16 03:17:11','2016-04-09 13:02:41'),(88,'Sofia','Weber','woman','1962-09-28','North Eloisa','Kazakhstan','2020-06-28 05:00:11','2016-04-28 06:09:36','2019-10-16 00:26:45'),(89,'Dewayne','Cormier','man','1994-12-12','Jevonfurt','Iran','2020-07-08 22:50:53','2018-12-26 01:14:10','2021-02-22 08:10:07'),(90,'Mateo','Greenfelder','man','1986-10-13','Boyerberg','Cocos (Keeling) Islands','2020-04-23 00:37:04','2014-02-21 10:57:11','2021-02-22 08:10:07'),(91,'Christop','Hickle','man','1950-07-11','Rodriguezport','Dominican Republic','2020-07-17 23:00:55','2019-09-16 06:36:04','2021-02-22 08:10:07'),(92,'Leo','Hand','man','1948-05-05','Wilhelminebury','Holy See (Vatican City State)','2020-02-19 15:19:20','2011-08-28 08:13:41','2012-04-14 00:58:34'),(93,'Annie','Larkin','woman','1960-04-03','Port Howell','Costa Rica','2020-10-13 00:35:07','2012-11-02 14:29:23','2021-02-22 08:10:07'),(94,'Elliot','Kreiger','woman','1981-01-21','Lake Greysonshire','Guatemala','2021-01-20 15:12:17','2016-11-24 06:48:32','2021-02-22 08:10:07'),(95,'Shaniya','Raynor','woman','1951-05-08','Jorgetown','Guinea-Bissau','2020-03-27 20:40:34','2015-05-13 02:11:19','2018-07-05 16:17:57'),(96,'Ryan','Kshlerin','man','1949-04-30','Willfurt','Philippines','2020-07-28 03:19:50','2019-12-24 19:48:02','2021-02-22 08:10:07'),(97,'Shaina','Gaylord','woman','1938-02-21','West Christyburgh','Cocos (Keeling) Islands','2021-01-06 08:04:37','2020-07-28 01:18:27','2021-02-22 08:10:07'),(98,'Delilah','Paucek','man','1998-03-27','Lorenzaberg','Paraguay','2020-03-31 06:38:06','2013-05-29 03:28:07','2017-08-24 01:35:39'),(99,'Francesco','Barton','woman','1964-09-30','West Barbaraview','American Samoa','2020-08-23 11:51:03','2016-10-11 22:43:17','2021-02-22 08:10:07'),(100,'Donnie','Goldner','woman','1928-11-23','Olafport','Panama','2021-01-24 09:38:21','2016-11-03 12:47:14','2021-02-22 08:10:07');
/*!40000 ALTER TABLE `profiles` ENABLE KEYS */;
UNLOCK TABLES;

--
-- Table structure for table `target_types`
--

DROP TABLE IF EXISTS `target_types`;
/*!40101 SET @saved_cs_client     = @@character_set_client */;
/*!50503 SET character_set_client = utf8mb4 */;
CREATE TABLE `target_types` (
  `id` int unsigned NOT NULL AUTO_INCREMENT,
  `name` varchar(255) NOT NULL,
  `created_at` datetime DEFAULT CURRENT_TIMESTAMP,
  PRIMARY KEY (`id`),
  UNIQUE KEY `name` (`name`)
) ENGINE=InnoDB AUTO_INCREMENT=5 DEFAULT CHARSET=utf8mb4 COLLATE=utf8mb4_0900_ai_ci COMMENT='Таргеты лайков';
/*!40101 SET character_set_client = @saved_cs_client */;

--
-- Dumping data for table `target_types`
--

LOCK TABLES `target_types` WRITE;
/*!40000 ALTER TABLE `target_types` DISABLE KEYS */;
INSERT INTO `target_types` VALUES (1,'messages','2021-03-01 12:35:59'),(2,'users','2021-03-01 12:35:59'),(3,'media','2021-03-01 12:35:59'),(4,'posts','2021-03-01 12:35:59');
/*!40000 ALTER TABLE `target_types` ENABLE KEYS */;
UNLOCK TABLES;

--
-- Table structure for table `users`
--

DROP TABLE IF EXISTS `users`;
/*!40101 SET @saved_cs_client     = @@character_set_client */;
/*!50503 SET character_set_client = utf8mb4 */;
CREATE TABLE `users` (
  `id` int unsigned NOT NULL AUTO_INCREMENT COMMENT 'Идентификатор строки',
  `username` varchar(30) COLLATE utf8mb4_unicode_ci NOT NULL COMMENT 'Имя пользователя ',
  `email` varchar(100) CHARACTER SET utf8mb4 COLLATE utf8mb4_unicode_ci NOT NULL COMMENT 'Почта',
  `phone` varchar(100) CHARACTER SET utf8mb4 COLLATE utf8mb4_unicode_ci NOT NULL COMMENT 'Телефон',
  `created_at` datetime DEFAULT CURRENT_TIMESTAMP COMMENT 'Время создания строки',
  `updated_at` datetime DEFAULT CURRENT_TIMESTAMP ON UPDATE CURRENT_TIMESTAMP COMMENT 'Время обновления строки',
  PRIMARY KEY (`id`),
  UNIQUE KEY `email` (`email`),
  UNIQUE KEY `phone` (`phone`)
) ENGINE=InnoDB AUTO_INCREMENT=101 DEFAULT CHARSET=utf8mb4 COLLATE=utf8mb4_unicode_ci COMMENT='Пользователи';
/*!40101 SET character_set_client = @saved_cs_client */;

--
-- Dumping data for table `users`
--

LOCK TABLES `users` WRITE;
/*!40000 ALTER TABLE `users` DISABLE KEYS */;
INSERT INTO `users` VALUES (1,'eichmann','sbechtelar@example.org','574.466.6059x752','2020-05-26 22:41:12','2021-02-22 08:16:11'),(2,'pollich','kautzer.amaya@example.net','(883)475-5489','2013-03-22 18:03:01','2021-02-22 08:16:11'),(3,'kris','eosinski@example.com','1-718-845-6762x3137','2015-07-23 11:56:55','2021-02-22 08:16:11'),(4,'grant','dayne18@example.net','(064)878-8295x447','2011-08-05 20:35:22','2021-02-22 08:16:11'),(5,'kihn','amedhurst@example.org','721.563.8562x9981','2018-11-27 03:29:47','2021-02-22 08:16:11'),(6,'runolfsson','catharine.cole@example.net','360.423.8519','2019-07-30 06:55:43','2021-02-22 08:16:11'),(7,'greenholt','cassandra.kirlin@example.net','1-868-115-8692','2012-04-20 03:57:34','2021-02-22 08:16:11'),(8,'kemmer','qwintheiser@example.net','799-341-5151x07255','2020-05-12 20:56:53','2021-02-22 08:16:11'),(9,'farrell','denesik.velda@example.net','1-027-477-0242','2019-06-17 03:12:27','2021-02-22 08:16:11'),(10,'kuhn','mweissnat@example.net','04631336782','2012-11-08 10:51:27','2021-02-22 08:16:11'),(11,'hudson','fadel.shayna@example.com','1-443-506-4753x5092','2013-09-22 12:10:42','2021-02-22 08:16:11'),(12,'mcglynn','vada39@example.org','07838273251','2020-03-11 09:20:53','2021-02-22 08:16:11'),(13,'kirlin','brayan80@example.org','1-507-444-1934','2020-11-28 02:36:26','2021-02-22 08:16:11'),(14,'mante','evert53@example.com','(197)792-5030x499','2019-12-12 13:07:00','2021-02-22 08:16:11'),(15,'kuhic','jabbott@example.org','09149250790','2019-01-20 03:41:42','2021-02-22 08:16:11'),(16,'hand','berge.malinda@example.com','1-534-799-4002','2012-09-10 20:03:10','2021-02-22 08:16:11'),(17,'trantow','ffritsch@example.com','02237966195','2017-09-14 14:33:57','2021-02-22 08:16:11'),(18,'pacocha','mya.tillman@example.org','(687)713-3428x380','2015-02-02 01:32:51','2021-02-22 08:16:11'),(19,'smitham','funk.davin@example.com','476.613.1090x400','2013-09-02 05:35:01','2021-02-22 08:16:11'),(20,'simonis','blair.rogahn@example.net','1-851-360-2040x286','2012-07-28 14:23:02','2021-02-22 08:16:11'),(21,'johns','parisian.jeanne@example.com','984-378-6512','2012-12-02 18:57:02','2021-02-22 08:16:11'),(22,'leuschke','sawayn.alexzander@example.org','(205)937-9964','2013-05-11 23:56:09','2021-02-22 08:16:11'),(23,'rolfson','znolan@example.com','(854)343-6247x02208','2020-04-09 20:35:46','2021-02-22 08:16:11'),(24,'ferry','hillary.kris@example.net','(139)669-3834x547','2016-12-06 13:10:11','2021-02-22 08:16:11'),(25,'jakubowski','eveline38@example.com','877-175-5841','2020-03-13 01:41:57','2021-02-22 08:16:11'),(26,'hirthe','zulauf.meghan@example.com','797-138-7644','2015-04-07 15:49:34','2021-02-22 08:16:11'),(27,'wiegand','jayden66@example.org','1-445-644-0333','2018-09-09 22:47:20','2021-02-22 08:16:11'),(28,'hackett','o\'connell.cloyd@example.com','(464)263-1759','2014-11-14 09:40:13','2021-02-22 08:16:11'),(29,'lindgren','dorthy64@example.com','769-484-6528','2020-11-10 14:11:48','2021-02-22 08:16:11'),(30,'gerlach','nd\'amore@example.org','862.224.4209','2016-10-06 17:10:52','2021-02-22 08:16:11'),(31,'trantow','tjacobson@example.com','06811022025','2018-05-01 23:25:52','2021-02-22 08:16:11'),(32,'tromp','emerson.hoeger@example.net','957-167-1496','2015-07-31 13:22:12','2021-02-22 08:16:11'),(33,'adams','west.tiara@example.com','(103)756-3588','2018-11-11 13:14:51','2021-02-22 08:16:11'),(34,'koss','kylee.price@example.com','1-256-043-5827x4171','2020-09-27 11:51:38','2021-02-22 08:16:11'),(35,'powlowski','bednar.naomie@example.org','717.450.1841x89172','2016-04-20 07:42:50','2021-02-22 08:16:11'),(36,'schultz','joanie.mckenzie@example.com','(617)019-4422x041','2018-09-02 23:46:58','2021-02-22 08:16:11'),(37,'cronin','leland.sanford@example.org','08329672128','2019-07-31 09:30:55','2021-02-22 08:16:11'),(38,'mcclure','lspinka@example.net','041.943.0244','2018-03-13 19:44:57','2021-02-22 08:16:11'),(39,'dickinson','littel.ted@example.com','05588301446','2018-01-05 00:04:38','2021-02-22 08:16:11'),(40,'gottlieb','twiegand@example.com','00227984830','2016-08-17 08:47:52','2021-02-22 08:16:11'),(41,'lebsack','jbogan@example.net','286.242.9862x431','2012-12-05 15:33:19','2021-02-22 08:16:11'),(42,'grant','johnson.giles@example.net','698.829.6264x557','2012-08-12 03:56:57','2021-02-22 08:16:11'),(43,'schuster','ho\'hara@example.com','+83(1)5267358997','2016-12-11 22:27:55','2021-02-22 08:16:11'),(44,'conn','pearlie.mann@example.net','04961851328','2018-09-26 12:32:11','2021-02-22 08:16:11'),(45,'farrell','seth96@example.org','(313)179-2152','2011-10-06 01:55:58','2021-02-22 08:16:11'),(46,'gislason','aileen.davis@example.com','039-141-4555x6580','2013-08-11 08:57:20','2021-02-22 08:16:11'),(47,'o\'conner','camille.wintheiser@example.org','08722005843','2019-01-09 02:47:04','2021-02-22 08:16:11'),(48,'corwin','rippin.lora@example.net','+92(1)6171084426','2017-10-28 17:39:12','2021-02-22 08:16:11'),(49,'mcglynn','zieme.carissa@example.net','01673313290','2012-07-19 04:36:52','2021-02-22 08:16:11'),(50,'wisozk','ystroman@example.org','1-564-988-4243x079','2016-04-03 21:11:37','2021-02-22 08:16:11'),(51,'hayes','considine.kamryn@example.org','108-940-9934x77443','2014-04-06 00:50:11','2021-02-22 08:16:11'),(52,'wiza','torphy.daphnee@example.org','1-752-541-8011x465','2013-10-16 00:14:35','2021-02-22 08:16:11'),(53,'roob','purdy.jedidiah@example.org','06338925179','2013-03-06 00:54:24','2021-02-22 08:16:11'),(54,'kerluke','omedhurst@example.com','07644672300','2013-06-29 10:35:43','2021-02-22 08:16:11'),(55,'jenkins','jacinthe.kiehn@example.org','988.245.4949x41233','2020-05-27 17:57:18','2021-02-22 08:16:11'),(56,'jast','jonathan41@example.org','(181)612-2391','2017-11-18 19:49:59','2021-02-22 08:16:11'),(57,'donnelly','roger.parisian@example.net','1-525-794-8162','2016-10-26 11:16:36','2021-02-22 08:16:11'),(58,'metz','pthiel@example.org','419-966-3767','2018-01-30 15:45:58','2021-02-22 08:16:11'),(59,'ondricka','cwaters@example.org','1-918-603-3204','2012-03-05 11:03:22','2021-02-22 08:16:11'),(60,'kuvalis','emil62@example.net','474.222.7088','2019-09-23 16:22:32','2021-02-22 08:16:11'),(61,'hoeger','ogoyette@example.net','1-986-626-5604','2017-10-04 01:58:03','2021-02-22 08:16:11'),(62,'thompson','bernadine.langworth@example.net','1-135-992-6484','2017-06-24 18:44:58','2021-02-22 08:16:11'),(63,'mitchell','nolan.howell@example.com','242.722.1212','2018-09-05 17:49:52','2021-02-22 08:16:11'),(64,'tromp','nikki.west@example.com','1-184-979-9094x15404','2017-03-31 06:13:36','2021-02-22 08:16:11'),(65,'o\'keefe','annabel.skiles@example.com','034.063.1386x51890','2012-09-23 22:11:13','2021-02-22 08:16:11'),(66,'schmidt','grayson.mante@example.org','(088)901-1330','2011-04-26 17:12:58','2021-02-22 08:16:11'),(67,'bahringer','kkirlin@example.net','(901)643-4967x62220','2012-08-25 15:24:56','2021-02-22 08:16:11'),(68,'jacobs','lwunsch@example.net','1-136-937-6665','2017-04-19 18:40:01','2021-02-22 08:16:11'),(69,'welch','trenton29@example.org','336-899-6636','2016-07-06 10:44:26','2021-02-22 08:16:11'),(70,'homenick','lester28@example.org','(339)737-5083','2011-08-19 10:58:39','2021-02-22 08:16:11'),(71,'hagenes','yskiles@example.net','1-992-129-4654x499','2012-11-05 11:06:24','2021-02-22 08:16:11'),(72,'osinski','ardella93@example.org','928.387.3071','2019-10-30 07:23:46','2021-02-22 08:16:11'),(73,'kunde','colby18@example.net','1-701-277-3731','2012-06-19 14:52:23','2021-02-22 08:16:11'),(74,'fritsch','darwin03@example.net','1-990-618-9448x847','2014-09-25 03:12:38','2021-02-22 08:16:11'),(75,'dicki','mertz.amya@example.com','660-823-2509x78911','2017-02-07 08:47:56','2021-02-22 08:16:11'),(76,'pagac','ylangworth@example.com','(592)185-5336','2011-12-01 18:22:17','2021-02-22 08:16:11'),(77,'pfeffer','margarete.kuhlman@example.com','(681)256-8664','2015-12-26 04:30:40','2021-02-22 08:16:11'),(78,'berge','kunze.isidro@example.org','+29(1)8107742340','2013-11-10 21:34:27','2021-02-22 08:16:11'),(79,'hegmann','isabelle.sauer@example.com','(552)047-0010x4693','2016-12-12 20:30:11','2021-02-22 08:16:11'),(80,'mueller','charity.langworth@example.com','024-987-4963x189','2019-09-19 21:44:55','2021-02-22 08:16:11'),(81,'bayer','mollie.durgan@example.net','386-891-0391x795','2017-08-06 07:53:02','2021-02-22 08:16:11'),(82,'nikolaus','hailey15@example.net','+93(7)3318138118','2014-01-16 10:51:08','2021-02-22 08:16:11'),(83,'tromp','eswift@example.net','1-051-626-7121x1571','2015-06-15 18:08:04','2021-02-22 08:16:11'),(84,'wolff','shammes@example.net','1-860-999-0053x914','2015-05-10 15:26:46','2021-02-22 08:16:11'),(85,'shanahan','victoria.bergnaum@example.com','(563)976-6268x635','2021-01-26 15:04:43','2021-02-22 08:16:11'),(86,'wilderman','bosco.lily@example.org','003.616.9778x849','2011-09-03 08:10:21','2021-02-22 08:16:11'),(87,'conroy','lorna50@example.org','857-083-6328','2013-04-09 17:38:45','2021-02-22 08:16:11'),(88,'weber','furman67@example.org','(755)433-7937x125','2012-06-03 02:20:53','2021-02-22 08:16:11'),(89,'cormier','rosina57@example.org','(081)107-4768x2046','2020-06-27 19:14:47','2021-02-22 08:16:11'),(90,'greenfelder','camila.heathcote@example.org','611.712.9475','2012-09-19 18:58:00','2021-02-22 08:16:11'),(91,'hickle','qdare@example.net','1-089-718-0966','2020-02-11 04:31:29','2021-02-22 08:16:11'),(92,'hand','gennaro.schamberger@example.com','(481)528-4649','2018-10-03 14:24:39','2021-02-22 08:16:11'),(93,'larkin','kshlerin.noemy@example.org','599-401-7823','2013-08-05 03:46:04','2021-02-22 08:16:11'),(94,'kreiger','ybergnaum@example.com','00313731244','2014-03-06 20:17:53','2021-02-22 08:16:11'),(95,'raynor','beahan.alessia@example.net','947.284.0907x9065','2016-10-31 02:50:02','2021-02-22 08:16:11'),(96,'kshlerin','tankunding@example.net','1-317-836-8367x77079','2020-03-29 12:18:05','2021-02-22 08:16:11'),(97,'gaylord','sabina06@example.net','+56(6)8306206626','2016-12-30 15:10:05','2021-02-22 08:16:11'),(98,'paucek','dave64@example.net','07357146368','2014-04-05 16:29:12','2021-02-22 08:16:11'),(99,'barton','dsteuber@example.com','+88(4)8456311733','2016-09-25 14:39:35','2021-02-22 08:16:11'),(100,'goldner','ugottlieb@example.net','408-933-0101x25946','2015-07-04 03:23:14','2021-02-22 08:16:11');
/*!40000 ALTER TABLE `users` ENABLE KEYS */;
UNLOCK TABLES;

--
-- Dumping routines for database 'vk'
--
/*!40103 SET TIME_ZONE=@OLD_TIME_ZONE */;

/*!40101 SET SQL_MODE=@OLD_SQL_MODE */;
/*!40014 SET FOREIGN_KEY_CHECKS=@OLD_FOREIGN_KEY_CHECKS */;
/*!40014 SET UNIQUE_CHECKS=@OLD_UNIQUE_CHECKS */;
/*!40101 SET CHARACTER_SET_CLIENT=@OLD_CHARACTER_SET_CLIENT */;
/*!40101 SET CHARACTER_SET_RESULTS=@OLD_CHARACTER_SET_RESULTS */;
/*!40101 SET COLLATION_CONNECTION=@OLD_COLLATION_CONNECTION */;
/*!40111 SET SQL_NOTES=@OLD_SQL_NOTES */;

-- Dump completed on 2021-03-03 21:08:27
